UF,epiweek,SRAG2009,SRAG2010,SRAG2011,SRAG2012,SRAG2013,SRAG2014,SRAG2015,SRAG2016,SRAG2017
11,1,0.0,0.0,0.0,0.0,0.0,0.0,0.0,1.0,0.0
11,2,0.0,0.0,0.0,0.0,0.0,0.0,0.0,0.0,0.0
11,3,0.0,0.0,0.0,0.0,0.0,0.0,6.0,0.0,0.0
11,4,0.0,0.0,0.0,0.0,0.0,0.0,1.0,1.0,0.0
11,5,0.0,2.0,0.0,0.0,0.0,0.0,2.0,0.0,0.0
11,6,0.0,0.0,0.0,0.0,0.0,0.0,0.0,0.0,0.0
11,7,0.0,0.0,0.0,0.0,0.0,0.0,4.0,0.0,0.0
11,8,0.0,1.0,1.0,1.0,0.0,2.0,0.0,0.0,0.0
11,9,0.0,0.0,0.0,0.0,0.0,1.0,0.0,2.0,0.0
11,10,0.0,3.0,0.0,0.0,3.0,1.0,1.0,0.0,0.0
11,11,0.0,12.0,0.0,0.0,1.0,1.0,0.0,0.0,
11,12,0.0,14.0,0.0,0.0,0.0,3.0,0.0,4.0,
11,13,0.0,6.0,0.0,0.0,2.0,2.0,1.0,3.0,
11,14,0.0,18.0,0.0,0.0,0.0,5.0,4.0,27.0,
11,15,0.0,22.0,0.0,0.0,1.0,7.0,0.0,29.0,
11,16,0.0,7.0,0.0,0.0,0.0,0.0,1.0,13.0,
11,17,0.0,4.0,0.0,0.0,1.0,1.0,0.0,9.0,
11,18,0.0,2.0,1.0,0.0,0.0,3.0,3.0,12.0,
11,19,0.0,2.0,0.0,0.0,1.0,9.0,2.0,5.0,
11,20,0.0,3.0,0.0,1.0,0.0,5.0,1.0,5.0,
11,21,0.0,1.0,0.0,0.0,1.0,4.0,1.0,4.0,
11,22,0.0,0.0,0.0,1.0,0.0,3.0,0.0,4.0,
11,23,0.0,0.0,0.0,0.0,3.0,8.0,2.0,3.0,
11,24,0.0,0.0,0.0,0.0,4.0,6.0,1.0,8.0,
11,25,0.0,0.0,0.0,0.0,1.0,16.0,0.0,4.0,
11,26,0.0,0.0,0.0,0.0,3.0,4.0,0.0,7.0,
11,27,0.0,1.0,0.0,0.0,1.0,4.0,0.0,2.0,
11,28,0.0,0.0,0.0,0.0,0.0,1.0,1.0,0.0,
11,29,0.0,0.0,0.0,0.0,0.0,2.0,0.0,0.0,
11,30,3.0,0.0,0.0,1.0,2.0,0.0,0.0,2.0,
11,31,6.0,0.0,0.0,0.0,1.0,0.0,0.0,1.0,
11,32,8.0,1.0,0.0,0.0,1.0,1.0,1.0,2.0,
11,33,3.0,0.0,0.0,1.0,1.0,0.0,1.0,6.0,
11,34,9.0,0.0,1.0,0.0,1.0,0.0,3.0,1.0,
11,35,12.0,0.0,1.0,0.0,1.0,0.0,0.0,1.0,
11,36,13.0,0.0,0.0,0.0,0.0,0.0,1.0,0.0,
11,37,5.0,0.0,1.0,0.0,0.0,0.0,0.0,1.0,
11,38,2.0,0.0,0.0,0.0,0.0,0.0,0.0,1.0,
11,39,0.0,0.0,0.0,0.0,0.0,2.0,0.0,0.0,
11,40,4.0,0.0,0.0,0.0,0.0,0.0,1.0,0.0,
11,41,0.0,0.0,1.0,0.0,0.0,0.0,1.0,0.0,
11,42,2.0,0.0,0.0,1.0,1.0,0.0,1.0,0.0,
11,43,0.0,0.0,0.0,0.0,2.0,2.0,0.0,0.0,
11,44,0.0,0.0,0.0,0.0,0.0,0.0,0.0,0.0,
11,45,0.0,0.0,1.0,0.0,1.0,0.0,0.0,0.0,
11,46,2.0,0.0,0.0,0.0,0.0,0.0,0.0,0.0,
11,47,0.0,0.0,0.0,0.0,1.0,1.0,0.0,0.0,
11,48,0.0,0.0,1.0,0.0,0.0,0.0,0.0,0.0,
11,49,1.0,0.0,0.0,0.0,0.0,0.0,1.0,0.0,
11,50,0.0,0.0,0.0,0.0,0.0,2.0,0.0,0.0,
11,51,0.0,0.0,0.0,0.0,0.0,0.0,0.0,0.0,
11,52,1.0,0.0,0.0,0.0,0.0,0.0,0.0,0.0,
12,1,0.0,4.0,0.0,0.0,0.0,3.0,2.0,1.0,2.0
12,2,0.0,2.0,0.0,0.0,2.0,3.0,3.0,2.0,0.0
12,3,0.0,1.0,0.0,1.0,2.0,2.0,3.0,5.0,0.0
12,4,0.0,2.0,0.0,1.0,1.0,2.0,4.0,2.0,2.0
12,5,0.0,1.0,0.0,0.0,0.0,0.0,4.0,2.0,1.0
12,6,0.0,1.0,0.0,0.0,0.0,0.0,2.0,4.0,0.0
12,7,0.0,3.0,0.0,0.0,0.0,1.0,3.0,4.0,0.0
12,8,0.0,1.0,0.0,0.0,0.0,2.0,3.0,0.0,0.0
12,9,0.0,3.0,0.0,0.0,0.0,11.0,1.0,2.0,0.0
12,10,0.0,4.0,0.0,2.0,2.0,5.0,1.0,2.0,0.0
12,11,0.0,5.0,0.0,2.0,5.0,2.0,4.0,2.0,
12,12,0.0,0.0,0.0,1.0,2.0,3.0,2.0,0.0,
12,13,0.0,3.0,0.0,3.0,3.0,2.0,0.0,4.0,
12,14,0.0,3.0,0.0,0.0,1.0,3.0,3.0,8.0,
12,15,0.0,2.0,0.0,2.0,3.0,8.0,3.0,5.0,
12,16,0.0,1.0,0.0,0.0,2.0,0.0,3.0,11.0,
12,17,0.0,0.0,0.0,0.0,1.0,3.0,5.0,10.0,
12,18,0.0,1.0,0.0,1.0,3.0,1.0,4.0,12.0,
12,19,0.0,0.0,0.0,0.0,0.0,6.0,1.0,17.0,
12,20,0.0,0.0,0.0,1.0,0.0,7.0,6.0,7.0,
12,21,0.0,3.0,0.0,1.0,2.0,5.0,2.0,8.0,
12,22,0.0,1.0,0.0,0.0,1.0,1.0,3.0,13.0,
12,23,0.0,0.0,1.0,0.0,3.0,2.0,0.0,11.0,
12,24,0.0,0.0,3.0,1.0,2.0,4.0,2.0,15.0,
12,25,1.0,2.0,0.0,0.0,4.0,2.0,5.0,17.0,
12,26,1.0,0.0,1.0,0.0,0.0,3.0,4.0,9.0,
12,27,1.0,0.0,0.0,2.0,1.0,0.0,2.0,14.0,
12,28,2.0,0.0,3.0,0.0,2.0,4.0,2.0,14.0,
12,29,5.0,0.0,1.0,0.0,2.0,1.0,2.0,12.0,
12,30,3.0,1.0,1.0,1.0,1.0,3.0,0.0,12.0,
12,31,8.0,2.0,0.0,0.0,2.0,0.0,3.0,6.0,
12,32,6.0,0.0,0.0,0.0,2.0,4.0,2.0,9.0,
12,33,6.0,0.0,3.0,2.0,5.0,2.0,1.0,10.0,
12,34,10.0,0.0,6.0,1.0,10.0,1.0,2.0,10.0,
12,35,22.0,1.0,3.0,1.0,5.0,1.0,3.0,7.0,
12,36,27.0,0.0,2.0,2.0,4.0,0.0,1.0,3.0,
12,37,23.0,0.0,0.0,0.0,7.0,0.0,0.0,10.0,
12,38,20.0,0.0,0.0,1.0,6.0,1.0,1.0,11.0,
12,39,14.0,0.0,1.0,3.0,8.0,0.0,1.0,3.0,
12,40,17.0,0.0,0.0,4.0,3.0,1.0,0.0,5.0,
12,41,7.0,0.0,0.0,0.0,3.0,0.0,1.0,7.0,
12,42,15.0,2.0,0.0,2.0,7.0,0.0,1.0,1.0,
12,43,16.0,0.0,0.0,2.0,3.0,1.0,1.0,12.0,
12,44,6.0,0.0,0.0,1.0,2.0,0.0,1.0,7.0,
12,45,5.0,0.0,0.0,2.0,2.0,2.0,0.0,8.0,
12,46,7.0,0.0,0.0,1.0,3.0,4.0,0.0,3.0,
12,47,1.0,1.0,0.0,4.0,1.0,4.0,1.0,5.0,
12,48,2.0,0.0,0.0,1.0,0.0,1.0,5.0,4.0,
12,49,4.0,0.0,0.0,3.0,1.0,1.0,2.0,3.0,
12,50,1.0,0.0,0.0,2.0,3.0,7.0,3.0,10.0,
12,51,0.0,0.0,0.0,0.0,4.0,8.0,1.0,3.0,
12,52,2.0,0.0,0.0,2.0,2.0,5.0,0.0,1.0,
13,1,0.0,5.0,1.0,0.0,0.0,0.0,0.0,0.0,0.0
13,2,0.0,4.0,0.0,0.0,0.0,0.0,0.0,0.0,0.0
13,3,0.0,2.0,0.0,0.0,0.0,0.0,0.0,0.0,0.0
13,4,0.0,2.0,0.0,0.0,0.0,0.0,0.0,0.0,0.0
13,5,0.0,5.0,0.0,0.0,1.0,0.0,1.0,0.0,0.0
13,6,0.0,3.0,0.0,0.0,0.0,0.0,0.0,0.0,0.0
13,7,0.0,6.0,0.0,0.0,1.0,0.0,0.0,0.0,0.0
13,8,0.0,5.0,0.0,0.0,0.0,0.0,0.0,1.0,0.0
13,9,0.0,6.0,0.0,2.0,0.0,0.0,1.0,0.0,0.0
13,10,0.0,6.0,0.0,0.0,0.0,1.0,0.0,1.0,0.0
13,11,0.0,9.0,0.0,4.0,0.0,0.0,0.0,0.0,
13,12,0.0,5.0,0.0,2.0,0.0,0.0,4.0,0.0,
13,13,0.0,6.0,0.0,4.0,0.0,0.0,2.0,3.0,
13,14,0.0,9.0,0.0,0.0,0.0,1.0,0.0,4.0,
13,15,0.0,6.0,0.0,0.0,0.0,2.0,4.0,4.0,
13,16,0.0,5.0,0.0,1.0,1.0,0.0,2.0,9.0,
13,17,0.0,2.0,0.0,0.0,0.0,5.0,1.0,7.0,
13,18,0.0,2.0,0.0,0.0,0.0,3.0,1.0,2.0,
13,19,0.0,0.0,0.0,1.0,0.0,5.0,3.0,4.0,
13,20,0.0,4.0,1.0,0.0,0.0,1.0,3.0,8.0,
13,21,0.0,0.0,0.0,0.0,1.0,4.0,0.0,2.0,
13,22,0.0,0.0,0.0,0.0,0.0,6.0,0.0,4.0,
13,23,0.0,1.0,0.0,0.0,1.0,8.0,2.0,4.0,
13,24,0.0,0.0,0.0,0.0,1.0,3.0,0.0,5.0,
13,25,0.0,0.0,0.0,3.0,1.0,0.0,0.0,7.0,
13,26,0.0,3.0,0.0,2.0,1.0,14.0,0.0,4.0,
13,27,1.0,1.0,0.0,0.0,2.0,3.0,0.0,7.0,
13,28,0.0,1.0,0.0,0.0,1.0,2.0,0.0,0.0,
13,29,0.0,1.0,0.0,0.0,0.0,0.0,0.0,0.0,
13,30,8.0,1.0,0.0,0.0,0.0,3.0,0.0,3.0,
13,31,10.0,0.0,0.0,0.0,0.0,0.0,1.0,1.0,
13,32,14.0,0.0,0.0,1.0,1.0,0.0,0.0,0.0,
13,33,31.0,0.0,0.0,0.0,0.0,0.0,0.0,1.0,
13,34,28.0,0.0,0.0,0.0,1.0,0.0,0.0,3.0,
13,35,29.0,0.0,0.0,0.0,0.0,1.0,0.0,4.0,
13,36,20.0,0.0,1.0,0.0,0.0,0.0,0.0,1.0,
13,37,19.0,0.0,0.0,0.0,1.0,0.0,1.0,2.0,
13,38,8.0,0.0,0.0,0.0,2.0,0.0,0.0,0.0,
13,39,7.0,0.0,0.0,0.0,1.0,0.0,0.0,1.0,
13,40,3.0,0.0,0.0,0.0,0.0,0.0,1.0,0.0,
13,41,5.0,0.0,0.0,0.0,3.0,0.0,0.0,0.0,
13,42,7.0,0.0,0.0,1.0,1.0,0.0,0.0,0.0,
13,43,18.0,0.0,0.0,0.0,0.0,1.0,0.0,1.0,
13,44,19.0,0.0,0.0,0.0,0.0,0.0,0.0,0.0,
13,45,26.0,0.0,1.0,0.0,0.0,0.0,0.0,2.0,
13,46,18.0,0.0,0.0,0.0,0.0,0.0,0.0,0.0,
13,47,20.0,0.0,0.0,1.0,0.0,0.0,0.0,0.0,
13,48,10.0,0.0,0.0,0.0,1.0,0.0,0.0,0.0,
13,49,5.0,0.0,0.0,0.0,0.0,0.0,1.0,0.0,
13,50,4.0,0.0,0.0,0.0,0.0,0.0,0.0,2.0,
13,51,3.0,1.0,1.0,0.0,0.0,0.0,0.0,0.0,
13,52,3.0,0.0,0.0,0.0,1.0,0.0,0.0,0.0,
14,1,0.0,0.0,0.0,0.0,0.0,0.0,0.0,0.0,2.0
14,2,0.0,0.0,0.0,0.0,0.0,0.0,0.0,0.0,0.0
14,3,0.0,0.0,0.0,0.0,0.0,0.0,0.0,0.0,0.0
14,4,0.0,0.0,0.0,0.0,1.0,0.0,0.0,0.0,0.0
14,5,0.0,0.0,0.0,0.0,0.0,0.0,0.0,0.0,0.0
14,6,0.0,0.0,0.0,0.0,1.0,0.0,0.0,0.0,0.0
14,7,0.0,0.0,0.0,0.0,0.0,0.0,0.0,0.0,0.0
14,8,0.0,0.0,0.0,0.0,0.0,0.0,0.0,0.0,0.0
14,9,0.0,0.0,0.0,0.0,0.0,0.0,0.0,0.0,0.0
14,10,0.0,0.0,0.0,0.0,0.0,0.0,0.0,0.0,0.0
14,11,0.0,0.0,0.0,0.0,0.0,0.0,0.0,0.0,
14,12,0.0,0.0,0.0,0.0,0.0,0.0,0.0,0.0,
14,13,0.0,0.0,0.0,0.0,0.0,0.0,0.0,1.0,
14,14,0.0,0.0,0.0,0.0,0.0,1.0,3.0,0.0,
14,15,0.0,0.0,0.0,0.0,0.0,0.0,2.0,0.0,
14,16,0.0,0.0,0.0,1.0,0.0,0.0,0.0,0.0,
14,17,0.0,0.0,0.0,0.0,0.0,0.0,0.0,0.0,
14,18,0.0,0.0,0.0,0.0,0.0,0.0,0.0,1.0,
14,19,0.0,0.0,0.0,0.0,2.0,0.0,1.0,0.0,
14,20,0.0,0.0,0.0,0.0,1.0,0.0,0.0,0.0,
14,21,1.0,0.0,0.0,0.0,0.0,0.0,0.0,0.0,
14,22,0.0,0.0,0.0,0.0,0.0,0.0,3.0,0.0,
14,23,0.0,0.0,0.0,0.0,0.0,5.0,0.0,3.0,
14,24,0.0,0.0,0.0,0.0,5.0,0.0,0.0,1.0,
14,25,0.0,0.0,0.0,0.0,0.0,0.0,0.0,0.0,
14,26,1.0,0.0,0.0,0.0,1.0,0.0,0.0,0.0,
14,27,0.0,0.0,0.0,0.0,0.0,0.0,0.0,2.0,
14,28,0.0,0.0,0.0,0.0,0.0,0.0,0.0,0.0,
14,29,6.0,0.0,0.0,0.0,1.0,0.0,0.0,2.0,
14,30,5.0,0.0,0.0,0.0,0.0,0.0,0.0,1.0,
14,31,8.0,0.0,0.0,0.0,0.0,0.0,0.0,0.0,
14,32,5.0,0.0,0.0,0.0,0.0,0.0,0.0,1.0,
14,33,8.0,0.0,0.0,0.0,0.0,0.0,0.0,3.0,
14,34,9.0,0.0,0.0,0.0,0.0,11.0,0.0,0.0,
14,35,9.0,0.0,0.0,0.0,0.0,4.0,0.0,0.0,
14,36,3.0,0.0,0.0,0.0,0.0,1.0,0.0,3.0,
14,37,4.0,0.0,0.0,0.0,6.0,0.0,0.0,0.0,
14,38,1.0,0.0,0.0,0.0,0.0,2.0,0.0,0.0,
14,39,2.0,0.0,0.0,0.0,0.0,3.0,0.0,0.0,
14,40,1.0,0.0,0.0,0.0,0.0,2.0,0.0,1.0,
14,41,0.0,0.0,0.0,0.0,0.0,1.0,0.0,1.0,
14,42,0.0,0.0,0.0,0.0,0.0,0.0,0.0,0.0,
14,43,0.0,0.0,0.0,0.0,0.0,0.0,0.0,1.0,
14,44,0.0,0.0,0.0,0.0,0.0,0.0,0.0,0.0,
14,45,0.0,0.0,0.0,0.0,2.0,0.0,0.0,1.0,
14,46,0.0,0.0,0.0,0.0,0.0,0.0,0.0,1.0,
14,47,0.0,0.0,0.0,0.0,0.0,4.0,0.0,1.0,
14,48,0.0,0.0,0.0,0.0,0.0,0.0,0.0,1.0,
14,49,1.0,0.0,0.0,0.0,0.0,0.0,0.0,0.0,
14,50,0.0,0.0,0.0,0.0,0.0,1.0,0.0,1.0,
14,51,0.0,0.0,0.0,0.0,0.0,2.0,0.0,2.0,
14,52,0.0,0.0,0.0,0.0,0.0,0.0,0.0,2.0,
15,1,0.0,7.0,0.0,0.0,0.0,4.0,0.0,2.0,6.0
15,2,0.0,11.0,1.0,0.0,1.0,2.0,1.0,2.0,1.0
15,3,0.0,1.0,0.0,0.0,1.0,0.0,3.0,1.0,1.0
15,4,0.0,4.0,1.0,0.0,2.0,3.0,0.0,3.0,0.0
15,5,0.0,12.0,0.0,0.0,0.0,2.0,0.0,2.0,1.0
15,6,0.0,11.0,1.0,0.0,1.0,0.0,3.0,1.0,1.0
15,7,0.0,16.0,0.0,0.0,0.0,4.0,0.0,5.0,0.0
15,8,0.0,63.0,0.0,0.0,0.0,8.0,3.0,6.0,0.0
15,9,0.0,92.0,1.0,0.0,4.0,3.0,3.0,3.0,0.0
15,10,0.0,91.0,0.0,1.0,13.0,2.0,2.0,6.0,0.0
15,11,0.0,80.0,0.0,5.0,4.0,5.0,4.0,8.0,
15,12,0.0,84.0,1.0,14.0,3.0,3.0,6.0,14.0,
15,13,0.0,68.0,2.0,1.0,4.0,5.0,6.0,64.0,
15,14,0.0,51.0,1.0,6.0,5.0,8.0,2.0,78.0,
15,15,0.0,70.0,0.0,11.0,16.0,10.0,6.0,88.0,
15,16,0.0,38.0,2.0,11.0,17.0,15.0,3.0,74.0,
15,17,0.0,22.0,1.0,7.0,27.0,9.0,2.0,76.0,
15,18,1.0,25.0,1.0,4.0,29.0,6.0,2.0,52.0,
15,19,3.0,14.0,0.0,13.0,54.0,11.0,7.0,45.0,
15,20,0.0,8.0,1.0,8.0,49.0,7.0,8.0,50.0,
15,21,0.0,3.0,1.0,7.0,74.0,9.0,12.0,29.0,
15,22,0.0,9.0,0.0,1.0,81.0,6.0,11.0,24.0,
15,23,0.0,9.0,0.0,2.0,78.0,10.0,12.0,17.0,
15,24,0.0,4.0,0.0,5.0,34.0,7.0,4.0,25.0,
15,25,2.0,2.0,0.0,5.0,45.0,2.0,4.0,17.0,
15,26,2.0,1.0,2.0,4.0,14.0,2.0,3.0,18.0,
15,27,1.0,1.0,1.0,0.0,18.0,4.0,0.0,30.0,
15,28,11.0,1.0,2.0,3.0,8.0,3.0,3.0,13.0,
15,29,10.0,0.0,1.0,0.0,13.0,3.0,2.0,7.0,
15,30,17.0,0.0,1.0,6.0,5.0,1.0,3.0,6.0,
15,31,25.0,1.0,0.0,2.0,3.0,1.0,1.0,5.0,
15,32,57.0,2.0,1.0,1.0,1.0,1.0,0.0,6.0,
15,33,104.0,1.0,0.0,2.0,1.0,1.0,2.0,5.0,
15,34,127.0,1.0,1.0,3.0,4.0,1.0,1.0,8.0,
15,35,233.0,0.0,0.0,2.0,3.0,4.0,0.0,9.0,
15,36,167.0,2.0,0.0,3.0,3.0,0.0,2.0,15.0,
15,37,182.0,0.0,1.0,0.0,2.0,0.0,3.0,14.0,
15,38,116.0,1.0,1.0,2.0,3.0,0.0,2.0,8.0,
15,39,53.0,0.0,0.0,3.0,3.0,0.0,2.0,13.0,
15,40,62.0,0.0,1.0,3.0,3.0,0.0,2.0,20.0,
15,41,83.0,0.0,0.0,1.0,3.0,0.0,0.0,8.0,
15,42,61.0,2.0,0.0,1.0,2.0,2.0,0.0,10.0,
15,43,30.0,0.0,0.0,2.0,2.0,3.0,0.0,8.0,
15,44,19.0,0.0,0.0,1.0,1.0,0.0,1.0,20.0,
15,45,30.0,1.0,0.0,3.0,2.0,0.0,1.0,16.0,
15,46,27.0,0.0,0.0,2.0,1.0,0.0,1.0,9.0,
15,47,16.0,1.0,0.0,1.0,1.0,1.0,4.0,11.0,
15,48,23.0,2.0,0.0,7.0,0.0,0.0,0.0,15.0,
15,49,11.0,1.0,0.0,4.0,2.0,0.0,0.0,5.0,
15,50,10.0,7.0,0.0,1.0,1.0,1.0,0.0,15.0,
15,51,3.0,1.0,1.0,2.0,1.0,1.0,0.0,5.0,
15,52,5.0,3.0,0.0,1.0,1.0,2.0,0.0,7.0,
16,1,0.0,0.0,0.0,0.0,0.0,0.0,0.0,0.0,0.0
16,2,0.0,0.0,0.0,0.0,0.0,0.0,0.0,0.0,0.0
16,3,0.0,1.0,0.0,0.0,0.0,0.0,0.0,0.0,0.0
16,4,0.0,0.0,0.0,0.0,0.0,0.0,0.0,0.0,0.0
16,5,0.0,1.0,0.0,0.0,0.0,0.0,0.0,0.0,0.0
16,6,0.0,0.0,0.0,0.0,0.0,0.0,0.0,0.0,0.0
16,7,0.0,0.0,0.0,0.0,0.0,0.0,0.0,0.0,0.0
16,8,0.0,1.0,0.0,0.0,0.0,0.0,0.0,0.0,0.0
16,9,0.0,3.0,0.0,0.0,0.0,0.0,0.0,0.0,0.0
16,10,0.0,0.0,0.0,0.0,0.0,0.0,0.0,0.0,1.0
16,11,0.0,5.0,0.0,0.0,0.0,0.0,0.0,0.0,
16,12,0.0,2.0,0.0,0.0,0.0,0.0,0.0,0.0,
16,13,0.0,0.0,0.0,0.0,0.0,0.0,0.0,0.0,
16,14,0.0,1.0,0.0,0.0,0.0,0.0,0.0,4.0,
16,15,0.0,1.0,0.0,0.0,0.0,0.0,0.0,8.0,
16,16,0.0,6.0,0.0,5.0,0.0,0.0,0.0,2.0,
16,17,0.0,6.0,0.0,0.0,0.0,0.0,0.0,0.0,
16,18,0.0,1.0,0.0,0.0,0.0,0.0,0.0,0.0,
16,19,0.0,1.0,0.0,1.0,0.0,0.0,0.0,3.0,
16,20,0.0,3.0,0.0,0.0,0.0,0.0,1.0,1.0,
16,21,0.0,1.0,0.0,0.0,0.0,0.0,1.0,2.0,
16,22,0.0,0.0,0.0,0.0,1.0,0.0,0.0,0.0,
16,23,0.0,1.0,0.0,2.0,0.0,0.0,0.0,1.0,
16,24,0.0,0.0,0.0,0.0,0.0,0.0,0.0,0.0,
16,25,0.0,0.0,0.0,0.0,0.0,0.0,1.0,0.0,
16,26,0.0,0.0,0.0,0.0,0.0,0.0,0.0,0.0,
16,27,1.0,1.0,0.0,0.0,0.0,0.0,0.0,0.0,
16,28,0.0,0.0,0.0,0.0,0.0,0.0,0.0,0.0,
16,29,0.0,1.0,0.0,0.0,0.0,0.0,0.0,0.0,
16,30,1.0,0.0,0.0,0.0,0.0,0.0,0.0,0.0,
16,31,0.0,1.0,0.0,1.0,0.0,0.0,0.0,0.0,
16,32,2.0,0.0,0.0,1.0,0.0,0.0,0.0,3.0,
16,33,6.0,0.0,0.0,0.0,0.0,0.0,0.0,0.0,
16,34,2.0,0.0,0.0,0.0,0.0,0.0,0.0,0.0,
16,35,4.0,0.0,0.0,0.0,0.0,0.0,0.0,0.0,
16,36,2.0,0.0,0.0,0.0,0.0,0.0,0.0,0.0,
16,37,2.0,0.0,0.0,1.0,0.0,0.0,0.0,0.0,
16,38,4.0,0.0,0.0,0.0,0.0,0.0,0.0,0.0,
16,39,3.0,0.0,0.0,0.0,1.0,0.0,0.0,0.0,
16,40,0.0,0.0,0.0,0.0,0.0,0.0,0.0,0.0,
16,41,1.0,0.0,0.0,0.0,0.0,0.0,0.0,0.0,
16,42,0.0,0.0,0.0,0.0,0.0,0.0,0.0,0.0,
16,43,0.0,0.0,0.0,0.0,0.0,0.0,0.0,0.0,
16,44,1.0,0.0,0.0,0.0,0.0,0.0,0.0,0.0,
16,45,0.0,0.0,0.0,0.0,0.0,0.0,0.0,0.0,
16,46,0.0,0.0,0.0,0.0,0.0,0.0,0.0,0.0,
16,47,0.0,0.0,0.0,0.0,0.0,0.0,0.0,0.0,
16,48,0.0,0.0,0.0,0.0,1.0,0.0,0.0,0.0,
16,49,0.0,0.0,0.0,0.0,0.0,0.0,0.0,0.0,
16,50,0.0,0.0,0.0,0.0,0.0,0.0,0.0,0.0,
16,51,0.0,0.0,0.0,0.0,0.0,0.0,0.0,0.0,
16,52,0.0,0.0,0.0,0.0,0.0,0.0,0.0,0.0,
17,1,0.0,1.0,0.0,0.0,0.0,1.0,0.0,1.0,0.0
17,2,0.0,0.0,0.0,0.0,1.0,2.0,1.0,0.0,0.0
17,3,0.0,0.0,0.0,0.0,1.0,0.0,0.0,0.0,0.0
17,4,0.0,0.0,0.0,0.0,0.0,0.0,0.0,0.0,0.0
17,5,0.0,1.0,0.0,0.0,1.0,0.0,0.0,0.0,0.0
17,6,0.0,0.0,0.0,0.0,1.0,0.0,0.0,0.0,0.0
17,7,0.0,1.0,1.0,0.0,0.0,0.0,0.0,0.0,0.0
17,8,0.0,1.0,0.0,0.0,0.0,1.0,0.0,1.0,0.0
17,9,0.0,0.0,0.0,0.0,0.0,0.0,0.0,0.0,0.0
17,10,0.0,0.0,0.0,0.0,0.0,0.0,2.0,1.0,0.0
17,11,0.0,1.0,0.0,0.0,0.0,1.0,0.0,2.0,
17,12,0.0,0.0,0.0,0.0,1.0,0.0,0.0,1.0,
17,13,0.0,1.0,0.0,0.0,0.0,2.0,0.0,3.0,
17,14,0.0,0.0,0.0,0.0,1.0,1.0,0.0,2.0,
17,15,0.0,0.0,0.0,0.0,0.0,3.0,0.0,2.0,
17,16,0.0,2.0,1.0,0.0,1.0,3.0,0.0,2.0,
17,17,0.0,0.0,0.0,0.0,1.0,0.0,1.0,0.0,
17,18,2.0,1.0,0.0,1.0,2.0,0.0,0.0,0.0,
17,19,0.0,1.0,0.0,0.0,1.0,0.0,0.0,4.0,
17,20,0.0,1.0,1.0,0.0,3.0,1.0,0.0,2.0,
17,21,0.0,1.0,0.0,0.0,1.0,4.0,0.0,4.0,
17,22,0.0,0.0,1.0,0.0,4.0,2.0,1.0,0.0,
17,23,0.0,1.0,0.0,0.0,0.0,4.0,1.0,3.0,
17,24,0.0,1.0,0.0,2.0,0.0,1.0,1.0,1.0,
17,25,0.0,0.0,0.0,2.0,1.0,3.0,0.0,0.0,
17,26,0.0,0.0,0.0,0.0,5.0,3.0,0.0,1.0,
17,27,1.0,0.0,0.0,1.0,0.0,1.0,2.0,3.0,
17,28,0.0,0.0,0.0,1.0,1.0,0.0,0.0,1.0,
17,29,1.0,0.0,0.0,2.0,2.0,1.0,0.0,1.0,
17,30,0.0,1.0,0.0,1.0,0.0,2.0,1.0,2.0,
17,31,2.0,0.0,0.0,1.0,0.0,1.0,0.0,2.0,
17,32,5.0,0.0,0.0,1.0,0.0,0.0,1.0,1.0,
17,33,4.0,0.0,0.0,2.0,0.0,2.0,0.0,1.0,
17,34,3.0,0.0,0.0,2.0,0.0,0.0,0.0,3.0,
17,35,2.0,0.0,0.0,2.0,2.0,1.0,0.0,0.0,
17,36,0.0,1.0,0.0,2.0,1.0,0.0,0.0,0.0,
17,37,1.0,0.0,0.0,0.0,0.0,0.0,0.0,0.0,
17,38,1.0,0.0,0.0,3.0,1.0,0.0,0.0,1.0,
17,39,3.0,0.0,0.0,0.0,0.0,1.0,0.0,0.0,
17,40,2.0,0.0,2.0,2.0,0.0,0.0,0.0,1.0,
17,41,1.0,0.0,0.0,0.0,1.0,0.0,0.0,0.0,
17,42,6.0,0.0,0.0,2.0,0.0,0.0,0.0,1.0,
17,43,4.0,0.0,0.0,0.0,1.0,0.0,0.0,0.0,
17,44,1.0,0.0,0.0,1.0,0.0,0.0,0.0,0.0,
17,45,3.0,0.0,1.0,0.0,0.0,0.0,0.0,1.0,
17,46,1.0,0.0,0.0,0.0,0.0,0.0,0.0,2.0,
17,47,5.0,0.0,1.0,1.0,0.0,1.0,0.0,5.0,
17,48,10.0,0.0,0.0,0.0,0.0,0.0,0.0,2.0,
17,49,5.0,1.0,0.0,0.0,0.0,0.0,0.0,5.0,
17,50,2.0,0.0,0.0,0.0,0.0,0.0,0.0,4.0,
17,51,1.0,0.0,0.0,0.0,0.0,0.0,0.0,3.0,
17,52,0.0,0.0,0.0,0.0,0.0,0.0,0.0,3.0,
21,1,0.0,0.0,1.0,0.0,0.0,0.0,0.0,0.0,0.0
21,2,0.0,0.0,0.0,0.0,0.0,0.0,0.0,0.0,0.0
21,3,0.0,0.0,0.0,2.0,0.0,0.0,0.0,1.0,0.0
21,4,0.0,0.0,0.0,0.0,1.0,0.0,0.0,0.0,0.0
21,5,0.0,0.0,0.0,0.0,0.0,0.0,0.0,0.0,0.0
21,6,0.0,0.0,0.0,0.0,0.0,0.0,2.0,0.0,0.0
21,7,0.0,0.0,0.0,0.0,0.0,1.0,4.0,0.0,0.0
21,8,0.0,0.0,0.0,0.0,1.0,0.0,0.0,1.0,0.0
21,9,0.0,3.0,0.0,2.0,0.0,0.0,0.0,0.0,0.0
21,10,0.0,9.0,1.0,0.0,0.0,1.0,2.0,0.0,0.0
21,11,0.0,25.0,0.0,0.0,0.0,1.0,1.0,0.0,
21,12,0.0,23.0,0.0,0.0,0.0,0.0,2.0,1.0,
21,13,0.0,19.0,0.0,0.0,0.0,0.0,1.0,1.0,
21,14,0.0,10.0,0.0,0.0,0.0,3.0,0.0,0.0,
21,15,0.0,5.0,0.0,0.0,0.0,9.0,2.0,3.0,
21,16,0.0,3.0,0.0,0.0,0.0,1.0,0.0,3.0,
21,17,0.0,7.0,0.0,0.0,0.0,0.0,1.0,1.0,
21,18,1.0,2.0,0.0,0.0,0.0,3.0,1.0,3.0,
21,19,0.0,1.0,0.0,0.0,0.0,10.0,1.0,4.0,
21,20,0.0,1.0,0.0,0.0,6.0,3.0,0.0,0.0,
21,21,0.0,1.0,0.0,0.0,1.0,3.0,0.0,2.0,
21,22,0.0,0.0,0.0,3.0,0.0,3.0,1.0,1.0,
21,23,0.0,0.0,0.0,0.0,0.0,0.0,1.0,1.0,
21,24,0.0,0.0,0.0,1.0,0.0,0.0,0.0,1.0,
21,25,1.0,1.0,0.0,0.0,0.0,0.0,1.0,2.0,
21,26,1.0,0.0,0.0,0.0,0.0,0.0,0.0,1.0,
21,27,4.0,0.0,0.0,0.0,0.0,0.0,0.0,0.0,
21,28,6.0,0.0,0.0,0.0,0.0,0.0,1.0,0.0,
21,29,7.0,0.0,0.0,0.0,0.0,0.0,0.0,1.0,
21,30,11.0,0.0,0.0,0.0,0.0,0.0,0.0,1.0,
21,31,14.0,0.0,0.0,0.0,0.0,0.0,0.0,0.0,
21,32,12.0,0.0,1.0,0.0,0.0,0.0,0.0,1.0,
21,33,11.0,0.0,1.0,0.0,0.0,0.0,1.0,0.0,
21,34,9.0,0.0,0.0,0.0,0.0,0.0,0.0,0.0,
21,35,8.0,0.0,0.0,0.0,0.0,0.0,0.0,0.0,
21,36,0.0,0.0,1.0,0.0,0.0,0.0,0.0,1.0,
21,37,0.0,0.0,0.0,0.0,0.0,0.0,0.0,0.0,
21,38,0.0,0.0,0.0,0.0,0.0,0.0,0.0,0.0,
21,39,0.0,0.0,0.0,0.0,0.0,0.0,0.0,0.0,
21,40,0.0,0.0,0.0,0.0,0.0,0.0,0.0,0.0,
21,41,0.0,0.0,0.0,0.0,0.0,0.0,0.0,2.0,
21,42,0.0,0.0,0.0,0.0,0.0,0.0,0.0,0.0,
21,43,0.0,0.0,0.0,0.0,0.0,0.0,0.0,0.0,
21,44,0.0,0.0,0.0,0.0,0.0,0.0,1.0,0.0,
21,45,0.0,0.0,0.0,0.0,0.0,0.0,0.0,0.0,
21,46,0.0,0.0,0.0,0.0,0.0,1.0,0.0,0.0,
21,47,0.0,0.0,0.0,0.0,1.0,0.0,0.0,0.0,
21,48,0.0,0.0,0.0,0.0,0.0,1.0,0.0,0.0,
21,49,0.0,0.0,0.0,0.0,0.0,0.0,1.0,0.0,
21,50,0.0,0.0,0.0,0.0,0.0,0.0,1.0,0.0,
21,51,0.0,0.0,1.0,0.0,0.0,0.0,0.0,0.0,
21,52,0.0,0.0,0.0,0.0,0.0,0.0,0.0,0.0,
22,1,0.0,1.0,1.0,0.0,1.0,2.0,1.0,0.0,0.0
22,2,0.0,0.0,0.0,0.0,0.0,3.0,1.0,0.0,0.0
22,3,0.0,0.0,1.0,3.0,0.0,2.0,0.0,1.0,0.0
22,4,0.0,3.0,0.0,0.0,3.0,2.0,1.0,1.0,0.0
22,5,0.0,1.0,2.0,0.0,0.0,4.0,0.0,0.0,0.0
22,6,0.0,1.0,2.0,0.0,0.0,3.0,0.0,1.0,0.0
22,7,0.0,1.0,4.0,0.0,0.0,4.0,1.0,1.0,0.0
22,8,0.0,5.0,4.0,0.0,2.0,4.0,0.0,2.0,0.0
22,9,0.0,2.0,2.0,0.0,0.0,4.0,0.0,1.0,0.0
22,10,0.0,5.0,3.0,0.0,2.0,1.0,1.0,0.0,0.0
22,11,0.0,16.0,5.0,1.0,2.0,0.0,1.0,1.0,
22,12,0.0,45.0,4.0,1.0,8.0,2.0,2.0,0.0,
22,13,0.0,22.0,1.0,0.0,4.0,1.0,3.0,9.0,
22,14,0.0,19.0,0.0,0.0,7.0,6.0,1.0,18.0,
22,15,0.0,11.0,0.0,0.0,5.0,2.0,4.0,15.0,
22,16,0.0,8.0,2.0,1.0,5.0,3.0,2.0,12.0,
22,17,0.0,6.0,0.0,0.0,4.0,4.0,0.0,20.0,
22,18,0.0,2.0,0.0,0.0,1.0,3.0,0.0,10.0,
22,19,1.0,0.0,0.0,2.0,1.0,8.0,0.0,22.0,
22,20,0.0,1.0,0.0,0.0,2.0,3.0,0.0,7.0,
22,21,0.0,0.0,1.0,0.0,2.0,6.0,0.0,6.0,
22,22,0.0,2.0,0.0,0.0,7.0,5.0,0.0,1.0,
22,23,0.0,0.0,0.0,0.0,0.0,3.0,0.0,6.0,
22,24,0.0,1.0,1.0,2.0,4.0,1.0,0.0,5.0,
22,25,1.0,2.0,0.0,1.0,1.0,3.0,1.0,5.0,
22,26,2.0,0.0,1.0,0.0,4.0,0.0,0.0,2.0,
22,27,2.0,1.0,0.0,2.0,2.0,0.0,0.0,1.0,
22,28,2.0,0.0,0.0,1.0,1.0,0.0,0.0,1.0,
22,29,0.0,0.0,0.0,1.0,2.0,0.0,0.0,3.0,
22,30,3.0,0.0,0.0,3.0,1.0,1.0,0.0,2.0,
22,31,2.0,2.0,0.0,1.0,7.0,1.0,0.0,1.0,
22,32,7.0,1.0,0.0,2.0,1.0,0.0,0.0,1.0,
22,33,6.0,0.0,1.0,0.0,4.0,2.0,0.0,1.0,
22,34,4.0,1.0,0.0,2.0,3.0,0.0,0.0,2.0,
22,35,6.0,0.0,0.0,1.0,1.0,2.0,0.0,1.0,
22,36,19.0,1.0,0.0,2.0,1.0,1.0,0.0,1.0,
22,37,29.0,0.0,1.0,2.0,0.0,0.0,1.0,3.0,
22,38,40.0,0.0,0.0,0.0,0.0,0.0,1.0,3.0,
22,39,30.0,1.0,0.0,0.0,3.0,0.0,0.0,3.0,
22,40,26.0,0.0,1.0,0.0,2.0,0.0,1.0,0.0,
22,41,16.0,0.0,0.0,1.0,0.0,0.0,0.0,1.0,
22,42,6.0,0.0,0.0,0.0,3.0,0.0,3.0,3.0,
22,43,3.0,0.0,2.0,0.0,0.0,3.0,0.0,2.0,
22,44,17.0,0.0,1.0,0.0,2.0,0.0,0.0,1.0,
22,45,5.0,0.0,1.0,0.0,0.0,1.0,1.0,2.0,
22,46,1.0,0.0,0.0,0.0,1.0,0.0,1.0,2.0,
22,47,2.0,0.0,0.0,0.0,0.0,0.0,0.0,0.0,
22,48,3.0,1.0,0.0,0.0,0.0,0.0,0.0,0.0,
22,49,1.0,0.0,0.0,1.0,1.0,0.0,0.0,3.0,
22,50,0.0,0.0,0.0,0.0,1.0,0.0,0.0,0.0,
22,51,0.0,0.0,0.0,1.0,0.0,0.0,1.0,2.0,
22,52,3.0,0.0,0.0,0.0,1.0,0.0,1.0,0.0,
23,1,0.0,1.0,0.0,0.0,0.0,0.0,0.0,0.0,2.0
23,2,0.0,5.0,0.0,0.0,1.0,6.0,1.0,1.0,2.0
23,3,0.0,2.0,0.0,3.0,0.0,2.0,0.0,1.0,0.0
23,4,0.0,5.0,0.0,1.0,1.0,1.0,0.0,0.0,0.0
23,5,0.0,7.0,0.0,0.0,3.0,1.0,0.0,2.0,0.0
23,6,0.0,2.0,2.0,0.0,1.0,0.0,2.0,0.0,1.0
23,7,0.0,3.0,0.0,0.0,0.0,3.0,0.0,2.0,0.0
23,8,0.0,7.0,0.0,0.0,4.0,0.0,5.0,1.0,0.0
23,9,0.0,6.0,1.0,2.0,2.0,0.0,4.0,3.0,0.0
23,10,0.0,6.0,0.0,4.0,1.0,0.0,2.0,2.0,0.0
23,11,0.0,1.0,0.0,17.0,0.0,3.0,8.0,0.0,
23,12,0.0,5.0,0.0,12.0,1.0,1.0,7.0,1.0,
23,13,0.0,2.0,0.0,13.0,2.0,5.0,3.0,4.0,
23,14,0.0,2.0,0.0,11.0,0.0,4.0,8.0,11.0,
23,15,0.0,9.0,0.0,9.0,2.0,3.0,14.0,19.0,
23,16,0.0,2.0,2.0,7.0,1.0,6.0,1.0,16.0,
23,17,0.0,1.0,0.0,4.0,4.0,2.0,2.0,15.0,
23,18,0.0,0.0,0.0,5.0,13.0,5.0,3.0,20.0,
23,19,0.0,0.0,1.0,2.0,28.0,9.0,4.0,18.0,
23,20,0.0,1.0,2.0,5.0,10.0,1.0,2.0,21.0,
23,21,0.0,4.0,0.0,8.0,6.0,0.0,5.0,18.0,
23,22,0.0,3.0,0.0,8.0,23.0,3.0,0.0,14.0,
23,23,0.0,4.0,1.0,6.0,5.0,3.0,4.0,10.0,
23,24,0.0,1.0,0.0,2.0,13.0,5.0,1.0,12.0,
23,25,2.0,0.0,0.0,2.0,0.0,0.0,1.0,18.0,
23,26,4.0,0.0,1.0,2.0,16.0,3.0,1.0,18.0,
23,27,0.0,1.0,0.0,1.0,1.0,1.0,3.0,13.0,
23,28,3.0,0.0,0.0,0.0,6.0,2.0,2.0,11.0,
23,29,6.0,0.0,0.0,1.0,4.0,0.0,1.0,11.0,
23,30,19.0,0.0,0.0,0.0,5.0,1.0,1.0,1.0,
23,31,23.0,0.0,1.0,0.0,4.0,0.0,3.0,5.0,
23,32,30.0,0.0,0.0,0.0,5.0,0.0,2.0,6.0,
23,33,17.0,0.0,0.0,0.0,16.0,0.0,0.0,8.0,
23,34,13.0,0.0,0.0,1.0,6.0,0.0,5.0,2.0,
23,35,6.0,0.0,0.0,0.0,1.0,1.0,0.0,1.0,
23,36,7.0,0.0,0.0,0.0,4.0,1.0,0.0,4.0,
23,37,1.0,0.0,2.0,1.0,2.0,0.0,1.0,4.0,
23,38,2.0,0.0,0.0,0.0,3.0,0.0,1.0,1.0,
23,39,1.0,0.0,2.0,0.0,2.0,0.0,0.0,2.0,
23,40,1.0,0.0,0.0,0.0,2.0,6.0,0.0,5.0,
23,41,0.0,0.0,0.0,0.0,2.0,7.0,1.0,2.0,
23,42,1.0,0.0,0.0,0.0,6.0,1.0,3.0,1.0,
23,43,1.0,0.0,0.0,0.0,1.0,1.0,0.0,3.0,
23,44,4.0,0.0,1.0,0.0,3.0,0.0,0.0,3.0,
23,45,2.0,0.0,0.0,0.0,2.0,0.0,1.0,0.0,
23,46,0.0,1.0,0.0,0.0,0.0,0.0,1.0,2.0,
23,47,2.0,0.0,1.0,0.0,0.0,0.0,1.0,4.0,
23,48,0.0,1.0,3.0,1.0,0.0,0.0,1.0,2.0,
23,49,7.0,0.0,4.0,1.0,0.0,0.0,0.0,1.0,
23,50,2.0,0.0,0.0,1.0,4.0,0.0,0.0,3.0,
23,51,4.0,0.0,3.0,0.0,1.0,0.0,0.0,4.0,
23,52,4.0,1.0,1.0,0.0,0.0,0.0,0.0,8.0,
24,1,0.0,41.0,0.0,1.0,2.0,2.0,1.0,0.0,0.0
24,2,0.0,37.0,0.0,1.0,0.0,0.0,2.0,0.0,0.0
24,3,0.0,9.0,0.0,1.0,1.0,0.0,2.0,1.0,0.0
24,4,0.0,12.0,1.0,2.0,4.0,2.0,0.0,0.0,0.0
24,5,0.0,4.0,1.0,4.0,2.0,2.0,3.0,0.0,0.0
24,6,0.0,6.0,0.0,1.0,0.0,2.0,3.0,0.0,0.0
24,7,0.0,3.0,1.0,6.0,1.0,1.0,0.0,1.0,0.0
24,8,0.0,5.0,0.0,1.0,1.0,0.0,4.0,1.0,0.0
24,9,0.0,1.0,0.0,5.0,2.0,1.0,0.0,3.0,1.0
24,10,0.0,4.0,0.0,1.0,3.0,0.0,2.0,2.0,0.0
24,11,0.0,3.0,1.0,5.0,4.0,1.0,1.0,1.0,
24,12,0.0,6.0,0.0,4.0,8.0,1.0,7.0,6.0,
24,13,0.0,3.0,0.0,9.0,4.0,1.0,9.0,19.0,
24,14,0.0,5.0,1.0,4.0,3.0,4.0,5.0,21.0,
24,15,0.0,1.0,0.0,1.0,6.0,2.0,4.0,14.0,
24,16,0.0,1.0,0.0,5.0,5.0,4.0,6.0,19.0,
24,17,0.0,2.0,0.0,3.0,4.0,3.0,6.0,22.0,
24,18,0.0,1.0,0.0,5.0,4.0,3.0,2.0,21.0,
24,19,0.0,2.0,0.0,4.0,4.0,3.0,5.0,13.0,
24,20,1.0,3.0,1.0,5.0,5.0,3.0,7.0,9.0,
24,21,0.0,2.0,1.0,4.0,9.0,7.0,1.0,5.0,
24,22,1.0,3.0,0.0,7.0,13.0,5.0,4.0,10.0,
24,23,1.0,1.0,0.0,3.0,11.0,9.0,1.0,4.0,
24,24,0.0,2.0,0.0,5.0,5.0,14.0,3.0,6.0,
24,25,1.0,1.0,0.0,4.0,8.0,6.0,4.0,4.0,
24,26,3.0,0.0,1.0,5.0,6.0,6.0,5.0,5.0,
24,27,2.0,0.0,1.0,9.0,7.0,3.0,6.0,2.0,
24,28,6.0,0.0,0.0,5.0,5.0,2.0,4.0,4.0,
24,29,9.0,0.0,0.0,3.0,10.0,8.0,1.0,1.0,
24,30,10.0,1.0,0.0,4.0,2.0,7.0,0.0,2.0,
24,31,17.0,0.0,0.0,3.0,7.0,4.0,4.0,3.0,
24,32,31.0,0.0,0.0,5.0,6.0,1.0,2.0,1.0,
24,33,30.0,0.0,0.0,4.0,5.0,5.0,1.0,2.0,
24,34,68.0,0.0,0.0,3.0,7.0,2.0,0.0,2.0,
24,35,35.0,0.0,1.0,2.0,6.0,3.0,3.0,0.0,
24,36,30.0,0.0,0.0,2.0,7.0,2.0,1.0,3.0,
24,37,33.0,1.0,0.0,3.0,2.0,2.0,2.0,2.0,
24,38,25.0,0.0,0.0,3.0,4.0,4.0,5.0,2.0,
24,39,17.0,1.0,0.0,2.0,1.0,1.0,2.0,0.0,
24,40,12.0,1.0,1.0,3.0,2.0,3.0,0.0,1.0,
24,41,13.0,0.0,1.0,1.0,0.0,6.0,6.0,4.0,
24,42,8.0,0.0,0.0,0.0,3.0,1.0,0.0,1.0,
24,43,30.0,0.0,0.0,1.0,5.0,3.0,0.0,3.0,
24,44,24.0,0.0,0.0,0.0,4.0,2.0,0.0,3.0,
24,45,44.0,0.0,0.0,3.0,2.0,1.0,3.0,3.0,
24,46,68.0,0.0,0.0,2.0,5.0,3.0,1.0,1.0,
24,47,87.0,0.0,0.0,0.0,1.0,2.0,1.0,1.0,
24,48,199.0,0.0,1.0,0.0,0.0,7.0,0.0,2.0,
24,49,240.0,1.0,0.0,0.0,1.0,2.0,0.0,0.0,
24,50,147.0,0.0,0.0,2.0,0.0,1.0,2.0,0.0,
24,51,101.0,0.0,0.0,1.0,1.0,0.0,1.0,1.0,
24,52,70.0,0.0,0.0,1.0,0.0,2.0,1.0,1.0,
25,1,0.0,3.0,0.0,0.0,0.0,0.0,0.0,0.0,1.0
25,2,0.0,0.0,0.0,0.0,0.0,1.0,0.0,0.0,1.0
25,3,0.0,1.0,0.0,0.0,0.0,0.0,1.0,0.0,0.0
25,4,0.0,0.0,0.0,0.0,0.0,0.0,2.0,0.0,0.0
25,5,0.0,0.0,0.0,0.0,0.0,0.0,0.0,0.0,0.0
25,6,0.0,0.0,0.0,0.0,0.0,0.0,0.0,0.0,0.0
25,7,0.0,0.0,0.0,1.0,0.0,0.0,1.0,2.0,0.0
25,8,0.0,0.0,0.0,0.0,0.0,0.0,0.0,0.0,0.0
25,9,0.0,2.0,0.0,0.0,0.0,0.0,0.0,2.0,0.0
25,10,0.0,1.0,0.0,1.0,0.0,0.0,0.0,0.0,0.0
25,11,0.0,1.0,0.0,1.0,0.0,0.0,0.0,3.0,
25,12,0.0,0.0,0.0,1.0,1.0,0.0,0.0,2.0,
25,13,0.0,2.0,0.0,1.0,1.0,0.0,0.0,12.0,
25,14,0.0,2.0,0.0,0.0,0.0,0.0,0.0,35.0,
25,15,0.0,0.0,0.0,1.0,0.0,0.0,0.0,28.0,
25,16,0.0,0.0,0.0,1.0,0.0,0.0,0.0,15.0,
25,17,0.0,1.0,0.0,0.0,0.0,0.0,0.0,24.0,
25,18,0.0,0.0,0.0,0.0,0.0,1.0,0.0,9.0,
25,19,0.0,1.0,0.0,0.0,0.0,0.0,0.0,9.0,
25,20,0.0,0.0,0.0,0.0,0.0,0.0,0.0,8.0,
25,21,0.0,0.0,0.0,0.0,3.0,1.0,2.0,7.0,
25,22,0.0,0.0,0.0,0.0,0.0,0.0,0.0,5.0,
25,23,0.0,0.0,0.0,0.0,1.0,0.0,0.0,3.0,
25,24,0.0,0.0,0.0,0.0,0.0,0.0,2.0,2.0,
25,25,1.0,0.0,0.0,0.0,2.0,0.0,0.0,4.0,
25,26,0.0,0.0,0.0,0.0,0.0,0.0,0.0,5.0,
25,27,1.0,1.0,1.0,0.0,2.0,2.0,0.0,3.0,
25,28,2.0,0.0,0.0,0.0,0.0,1.0,1.0,5.0,
25,29,4.0,0.0,0.0,1.0,0.0,1.0,0.0,6.0,
25,30,5.0,0.0,0.0,2.0,1.0,1.0,0.0,3.0,
25,31,12.0,0.0,1.0,0.0,0.0,1.0,0.0,2.0,
25,32,22.0,0.0,0.0,1.0,0.0,0.0,0.0,2.0,
25,33,22.0,0.0,0.0,0.0,0.0,0.0,0.0,1.0,
25,34,15.0,0.0,0.0,2.0,0.0,1.0,0.0,3.0,
25,35,17.0,0.0,0.0,0.0,1.0,0.0,0.0,0.0,
25,36,10.0,0.0,0.0,1.0,0.0,0.0,0.0,1.0,
25,37,4.0,0.0,0.0,0.0,3.0,0.0,0.0,2.0,
25,38,4.0,0.0,0.0,0.0,0.0,0.0,0.0,1.0,
25,39,3.0,0.0,0.0,0.0,0.0,1.0,1.0,0.0,
25,40,3.0,0.0,0.0,0.0,0.0,0.0,0.0,2.0,
25,41,0.0,0.0,0.0,0.0,1.0,1.0,0.0,1.0,
25,42,0.0,0.0,0.0,0.0,0.0,0.0,0.0,6.0,
25,43,1.0,0.0,0.0,0.0,0.0,0.0,0.0,3.0,
25,44,0.0,0.0,0.0,0.0,3.0,0.0,0.0,1.0,
25,45,0.0,0.0,0.0,0.0,1.0,0.0,1.0,3.0,
25,46,0.0,0.0,0.0,0.0,0.0,0.0,0.0,0.0,
25,47,0.0,0.0,0.0,0.0,0.0,0.0,0.0,2.0,
25,48,0.0,0.0,0.0,1.0,0.0,0.0,0.0,2.0,
25,49,1.0,0.0,0.0,1.0,0.0,1.0,0.0,3.0,
25,50,1.0,0.0,0.0,0.0,1.0,0.0,0.0,1.0,
25,51,1.0,0.0,0.0,0.0,0.0,0.0,0.0,0.0,
25,52,0.0,0.0,0.0,0.0,0.0,0.0,0.0,1.0,
26,1,0.0,4.0,0.0,0.0,3.0,9.0,6.0,5.0,6.0
26,2,0.0,7.0,0.0,1.0,1.0,5.0,23.0,16.0,0.0
26,3,0.0,1.0,0.0,0.0,3.0,4.0,14.0,3.0,0.0
26,4,0.0,3.0,0.0,0.0,5.0,6.0,11.0,10.0,0.0
26,5,0.0,0.0,0.0,0.0,17.0,5.0,8.0,7.0,0.0
26,6,0.0,3.0,0.0,0.0,16.0,4.0,4.0,7.0,0.0
26,7,0.0,2.0,0.0,0.0,19.0,8.0,4.0,18.0,0.0
26,8,0.0,2.0,0.0,0.0,14.0,10.0,19.0,13.0,0.0
26,9,0.0,2.0,0.0,1.0,19.0,9.0,23.0,25.0,0.0
26,10,0.0,7.0,0.0,0.0,12.0,9.0,14.0,22.0,0.0
26,11,0.0,6.0,0.0,1.0,26.0,15.0,21.0,21.0,
26,12,0.0,4.0,0.0,0.0,19.0,6.0,33.0,19.0,
26,13,0.0,5.0,0.0,0.0,10.0,10.0,19.0,32.0,
26,14,0.0,6.0,0.0,0.0,15.0,9.0,27.0,43.0,
26,15,0.0,6.0,0.0,0.0,14.0,18.0,32.0,45.0,
26,16,0.0,7.0,0.0,0.0,16.0,24.0,50.0,33.0,
26,17,0.0,7.0,1.0,0.0,17.0,33.0,38.0,63.0,
26,18,1.0,3.0,0.0,0.0,17.0,40.0,46.0,56.0,
26,19,0.0,3.0,0.0,0.0,38.0,38.0,41.0,51.0,
26,20,0.0,3.0,0.0,0.0,24.0,45.0,46.0,66.0,
26,21,1.0,1.0,1.0,1.0,26.0,51.0,35.0,81.0,
26,22,0.0,3.0,0.0,2.0,34.0,50.0,38.0,53.0,
26,23,0.0,1.0,0.0,2.0,22.0,65.0,26.0,68.0,
26,24,2.0,3.0,0.0,0.0,23.0,47.0,31.0,60.0,
26,25,0.0,2.0,0.0,0.0,17.0,46.0,23.0,31.0,
26,26,4.0,0.0,0.0,0.0,12.0,31.0,19.0,54.0,
26,27,2.0,0.0,0.0,1.0,19.0,18.0,19.0,43.0,
26,28,3.0,0.0,1.0,0.0,29.0,31.0,23.0,26.0,
26,29,13.0,1.0,0.0,2.0,14.0,22.0,15.0,27.0,
26,30,32.0,1.0,0.0,0.0,28.0,15.0,17.0,20.0,
26,31,38.0,0.0,0.0,0.0,23.0,8.0,8.0,19.0,
26,32,70.0,0.0,0.0,1.0,25.0,7.0,10.0,32.0,
26,33,86.0,0.0,0.0,2.0,21.0,17.0,11.0,24.0,
26,34,68.0,0.0,0.0,3.0,22.0,19.0,12.0,17.0,
26,35,50.0,1.0,0.0,5.0,32.0,12.0,16.0,22.0,
26,36,38.0,1.0,0.0,0.0,23.0,16.0,22.0,16.0,
26,37,21.0,1.0,1.0,6.0,24.0,12.0,10.0,21.0,
26,38,26.0,0.0,0.0,11.0,27.0,9.0,18.0,18.0,
26,39,16.0,0.0,0.0,10.0,29.0,20.0,21.0,23.0,
26,40,10.0,0.0,0.0,6.0,31.0,18.0,13.0,21.0,
26,41,5.0,0.0,0.0,1.0,31.0,22.0,17.0,12.0,
26,42,10.0,0.0,0.0,4.0,30.0,19.0,15.0,13.0,
26,43,10.0,0.0,0.0,5.0,11.0,27.0,14.0,22.0,
26,44,6.0,0.0,0.0,0.0,32.0,23.0,11.0,21.0,
26,45,5.0,0.0,0.0,8.0,34.0,18.0,17.0,25.0,
26,46,6.0,0.0,0.0,1.0,12.0,35.0,11.0,19.0,
26,47,3.0,0.0,0.0,8.0,23.0,37.0,12.0,20.0,
26,48,8.0,1.0,1.0,6.0,19.0,35.0,12.0,22.0,
26,49,3.0,0.0,0.0,5.0,17.0,35.0,13.0,7.0,
26,50,2.0,0.0,1.0,6.0,23.0,33.0,11.0,19.0,
26,51,2.0,0.0,1.0,6.0,16.0,24.0,2.0,17.0,
26,52,3.0,1.0,0.0,4.0,10.0,22.0,3.0,13.0,
27,1,0.0,0.0,0.0,0.0,0.0,0.0,0.0,0.0,2.0
27,2,0.0,0.0,0.0,0.0,0.0,0.0,0.0,0.0,0.0
27,3,0.0,0.0,0.0,0.0,0.0,0.0,0.0,0.0,0.0
27,4,0.0,0.0,0.0,0.0,0.0,0.0,0.0,0.0,0.0
27,5,0.0,0.0,0.0,0.0,1.0,0.0,0.0,0.0,0.0
27,6,0.0,0.0,0.0,0.0,0.0,0.0,0.0,0.0,0.0
27,7,0.0,0.0,0.0,0.0,0.0,0.0,0.0,1.0,0.0
27,8,0.0,4.0,0.0,0.0,1.0,0.0,0.0,0.0,0.0
27,9,0.0,1.0,0.0,1.0,1.0,0.0,0.0,3.0,0.0
27,10,0.0,5.0,0.0,0.0,0.0,0.0,0.0,1.0,0.0
27,11,0.0,4.0,0.0,1.0,0.0,0.0,0.0,0.0,
27,12,0.0,3.0,0.0,0.0,0.0,1.0,0.0,3.0,
27,13,0.0,0.0,1.0,0.0,0.0,0.0,0.0,16.0,
27,14,0.0,1.0,0.0,0.0,2.0,0.0,0.0,11.0,
27,15,0.0,4.0,2.0,0.0,0.0,0.0,0.0,8.0,
27,16,0.0,2.0,0.0,0.0,1.0,0.0,0.0,13.0,
27,17,0.0,3.0,0.0,0.0,2.0,0.0,0.0,5.0,
27,18,0.0,0.0,1.0,0.0,0.0,0.0,0.0,6.0,
27,19,0.0,1.0,0.0,0.0,1.0,1.0,0.0,8.0,
27,20,0.0,2.0,0.0,0.0,2.0,0.0,0.0,11.0,
27,21,1.0,1.0,0.0,0.0,1.0,0.0,0.0,5.0,
27,22,0.0,0.0,0.0,0.0,3.0,3.0,0.0,5.0,
27,23,0.0,0.0,0.0,0.0,3.0,1.0,0.0,2.0,
27,24,2.0,2.0,0.0,1.0,2.0,0.0,1.0,1.0,
27,25,0.0,0.0,0.0,0.0,3.0,1.0,0.0,4.0,
27,26,4.0,0.0,0.0,2.0,0.0,0.0,0.0,1.0,
27,27,0.0,0.0,0.0,0.0,0.0,0.0,0.0,0.0,
27,28,2.0,0.0,0.0,1.0,1.0,0.0,0.0,5.0,
27,29,5.0,0.0,0.0,0.0,1.0,2.0,0.0,2.0,
27,30,2.0,0.0,0.0,4.0,0.0,1.0,0.0,0.0,
27,31,4.0,1.0,0.0,0.0,0.0,0.0,0.0,3.0,
27,32,7.0,0.0,0.0,1.0,2.0,1.0,0.0,1.0,
27,33,9.0,0.0,0.0,0.0,0.0,0.0,0.0,1.0,
27,34,7.0,0.0,0.0,0.0,1.0,1.0,0.0,1.0,
27,35,2.0,0.0,0.0,0.0,0.0,0.0,0.0,1.0,
27,36,2.0,0.0,0.0,0.0,0.0,1.0,0.0,0.0,
27,37,4.0,0.0,0.0,1.0,0.0,0.0,0.0,0.0,
27,38,3.0,0.0,0.0,1.0,0.0,2.0,0.0,0.0,
27,39,0.0,0.0,0.0,0.0,1.0,0.0,0.0,1.0,
27,40,1.0,4.0,0.0,0.0,0.0,0.0,0.0,0.0,
27,41,0.0,0.0,0.0,0.0,2.0,0.0,0.0,0.0,
27,42,1.0,4.0,0.0,0.0,0.0,0.0,0.0,2.0,
27,43,1.0,0.0,0.0,0.0,1.0,0.0,0.0,0.0,
27,44,1.0,0.0,0.0,0.0,0.0,0.0,0.0,1.0,
27,45,0.0,0.0,0.0,0.0,0.0,0.0,0.0,0.0,
27,46,0.0,0.0,0.0,0.0,0.0,2.0,0.0,1.0,
27,47,0.0,0.0,0.0,0.0,0.0,0.0,0.0,1.0,
27,48,0.0,0.0,0.0,0.0,0.0,0.0,0.0,1.0,
27,49,0.0,0.0,0.0,0.0,0.0,0.0,0.0,0.0,
27,50,0.0,0.0,1.0,0.0,0.0,0.0,0.0,0.0,
27,51,0.0,0.0,0.0,0.0,0.0,0.0,0.0,0.0,
27,52,0.0,0.0,0.0,0.0,0.0,0.0,0.0,0.0,
28,1,0.0,0.0,0.0,0.0,0.0,0.0,0.0,0.0,0.0
28,2,0.0,0.0,0.0,0.0,0.0,0.0,0.0,0.0,0.0
28,3,0.0,0.0,0.0,0.0,0.0,0.0,0.0,0.0,0.0
28,4,0.0,0.0,0.0,0.0,0.0,0.0,0.0,0.0,0.0
28,5,0.0,0.0,0.0,0.0,0.0,0.0,0.0,0.0,0.0
28,6,0.0,0.0,0.0,0.0,1.0,0.0,0.0,0.0,0.0
28,7,0.0,0.0,0.0,0.0,0.0,0.0,0.0,0.0,0.0
28,8,0.0,0.0,0.0,0.0,0.0,0.0,0.0,0.0,0.0
28,9,0.0,0.0,0.0,0.0,0.0,0.0,0.0,0.0,0.0
28,10,0.0,0.0,0.0,0.0,0.0,0.0,0.0,2.0,0.0
28,11,0.0,0.0,0.0,0.0,0.0,0.0,0.0,1.0,
28,12,0.0,0.0,0.0,0.0,0.0,0.0,0.0,1.0,
28,13,0.0,0.0,0.0,0.0,0.0,0.0,0.0,1.0,
28,14,0.0,0.0,0.0,0.0,0.0,0.0,0.0,5.0,
28,15,0.0,1.0,0.0,0.0,0.0,0.0,0.0,2.0,
28,16,0.0,0.0,0.0,0.0,0.0,0.0,0.0,4.0,
28,17,0.0,0.0,0.0,0.0,0.0,0.0,0.0,6.0,
28,18,0.0,0.0,0.0,0.0,0.0,0.0,1.0,3.0,
28,19,0.0,1.0,0.0,0.0,0.0,0.0,0.0,6.0,
28,20,0.0,0.0,0.0,0.0,0.0,0.0,0.0,8.0,
28,21,0.0,0.0,0.0,0.0,0.0,0.0,0.0,10.0,
28,22,0.0,0.0,0.0,0.0,0.0,0.0,0.0,2.0,
28,23,0.0,0.0,0.0,0.0,0.0,0.0,0.0,8.0,
28,24,0.0,0.0,0.0,0.0,0.0,0.0,0.0,4.0,
28,25,0.0,0.0,0.0,0.0,0.0,0.0,0.0,2.0,
28,26,1.0,0.0,0.0,0.0,0.0,0.0,0.0,3.0,
28,27,0.0,0.0,0.0,0.0,0.0,0.0,0.0,5.0,
28,28,0.0,0.0,0.0,0.0,0.0,0.0,0.0,1.0,
28,29,1.0,0.0,0.0,0.0,0.0,0.0,0.0,1.0,
28,30,2.0,0.0,0.0,0.0,1.0,0.0,0.0,2.0,
28,31,5.0,0.0,0.0,0.0,1.0,0.0,0.0,2.0,
28,32,2.0,0.0,0.0,0.0,0.0,0.0,0.0,1.0,
28,33,4.0,0.0,0.0,0.0,0.0,0.0,0.0,3.0,
28,34,0.0,0.0,0.0,0.0,0.0,0.0,0.0,2.0,
28,35,6.0,0.0,0.0,0.0,0.0,0.0,0.0,2.0,
28,36,1.0,0.0,0.0,1.0,0.0,0.0,1.0,0.0,
28,37,1.0,0.0,0.0,0.0,0.0,0.0,0.0,1.0,
28,38,0.0,0.0,0.0,0.0,0.0,0.0,0.0,0.0,
28,39,1.0,0.0,0.0,2.0,0.0,0.0,0.0,0.0,
28,40,1.0,0.0,0.0,0.0,0.0,0.0,0.0,4.0,
28,41,0.0,0.0,0.0,0.0,0.0,0.0,1.0,2.0,
28,42,0.0,0.0,0.0,1.0,1.0,0.0,0.0,0.0,
28,43,0.0,0.0,0.0,0.0,1.0,0.0,0.0,1.0,
28,44,0.0,0.0,0.0,0.0,0.0,0.0,0.0,4.0,
28,45,0.0,0.0,0.0,0.0,0.0,0.0,0.0,0.0,
28,46,0.0,0.0,0.0,0.0,0.0,0.0,0.0,1.0,
28,47,0.0,0.0,0.0,0.0,1.0,0.0,0.0,2.0,
28,48,0.0,0.0,0.0,0.0,0.0,0.0,0.0,0.0,
28,49,0.0,0.0,0.0,1.0,0.0,0.0,0.0,1.0,
28,50,0.0,0.0,0.0,0.0,0.0,0.0,0.0,0.0,
28,51,0.0,0.0,0.0,0.0,0.0,0.0,0.0,0.0,
28,52,0.0,0.0,0.0,0.0,0.0,0.0,0.0,0.0,
29,1,0.0,0.0,0.0,0.0,1.0,2.0,3.0,3.0,3.0
29,2,0.0,0.0,2.0,0.0,2.0,3.0,4.0,1.0,1.0
29,3,0.0,1.0,0.0,0.0,0.0,3.0,4.0,1.0,0.0
29,4,0.0,1.0,1.0,0.0,1.0,3.0,10.0,5.0,0.0
29,5,0.0,0.0,1.0,0.0,2.0,1.0,3.0,2.0,0.0
29,6,0.0,0.0,0.0,0.0,0.0,4.0,4.0,2.0,0.0
29,7,0.0,2.0,0.0,0.0,1.0,1.0,5.0,2.0,1.0
29,8,0.0,1.0,0.0,0.0,3.0,3.0,11.0,7.0,0.0
29,9,0.0,2.0,0.0,3.0,2.0,2.0,10.0,12.0,0.0
29,10,0.0,3.0,0.0,3.0,4.0,4.0,10.0,25.0,0.0
29,11,0.0,5.0,2.0,4.0,4.0,3.0,7.0,28.0,
29,12,0.0,7.0,3.0,2.0,3.0,7.0,24.0,17.0,
29,13,0.0,9.0,0.0,8.0,3.0,3.0,15.0,32.0,
29,14,0.0,16.0,1.0,1.0,1.0,4.0,14.0,49.0,
29,15,0.0,15.0,0.0,0.0,6.0,7.0,11.0,62.0,
29,16,0.0,8.0,0.0,2.0,4.0,9.0,2.0,55.0,
29,17,0.0,5.0,0.0,0.0,2.0,11.0,4.0,60.0,
29,18,0.0,6.0,2.0,0.0,2.0,16.0,5.0,61.0,
29,19,1.0,9.0,4.0,1.0,1.0,12.0,1.0,55.0,
29,20,0.0,4.0,0.0,1.0,8.0,7.0,5.0,58.0,
29,21,0.0,3.0,1.0,0.0,1.0,16.0,2.0,57.0,
29,22,1.0,4.0,3.0,1.0,3.0,11.0,4.0,54.0,
29,23,1.0,4.0,0.0,0.0,12.0,7.0,6.0,38.0,
29,24,1.0,2.0,4.0,1.0,14.0,14.0,6.0,22.0,
29,25,1.0,2.0,1.0,1.0,10.0,14.0,2.0,20.0,
29,26,19.0,0.0,1.0,0.0,9.0,6.0,8.0,15.0,
29,27,10.0,0.0,0.0,0.0,13.0,9.0,4.0,20.0,
29,28,7.0,1.0,0.0,5.0,6.0,2.0,3.0,26.0,
29,29,13.0,1.0,1.0,3.0,7.0,6.0,3.0,14.0,
29,30,34.0,0.0,2.0,4.0,7.0,4.0,4.0,14.0,
29,31,47.0,2.0,0.0,6.0,13.0,6.0,9.0,14.0,
29,32,78.0,1.0,2.0,5.0,22.0,4.0,3.0,8.0,
29,33,52.0,0.0,0.0,10.0,7.0,9.0,10.0,11.0,
29,34,35.0,3.0,0.0,6.0,13.0,7.0,3.0,10.0,
29,35,36.0,0.0,0.0,3.0,31.0,4.0,4.0,4.0,
29,36,39.0,0.0,2.0,3.0,15.0,8.0,8.0,8.0,
29,37,29.0,0.0,0.0,3.0,16.0,8.0,2.0,3.0,
29,38,28.0,0.0,0.0,5.0,12.0,10.0,3.0,10.0,
29,39,22.0,0.0,0.0,2.0,5.0,11.0,4.0,2.0,
29,40,22.0,0.0,0.0,1.0,3.0,10.0,3.0,8.0,
29,41,3.0,0.0,0.0,3.0,15.0,7.0,4.0,5.0,
29,42,0.0,0.0,1.0,2.0,3.0,13.0,2.0,5.0,
29,43,4.0,0.0,0.0,3.0,1.0,5.0,2.0,5.0,
29,44,2.0,0.0,0.0,13.0,5.0,4.0,7.0,4.0,
29,45,2.0,0.0,1.0,1.0,5.0,9.0,9.0,9.0,
29,46,3.0,0.0,0.0,1.0,3.0,4.0,1.0,5.0,
29,47,6.0,0.0,0.0,1.0,9.0,7.0,0.0,8.0,
29,48,1.0,1.0,2.0,3.0,4.0,9.0,0.0,3.0,
29,49,1.0,0.0,0.0,1.0,3.0,8.0,0.0,5.0,
29,50,1.0,1.0,2.0,1.0,3.0,2.0,1.0,5.0,
29,51,0.0,0.0,0.0,1.0,1.0,4.0,0.0,5.0,
29,52,1.0,1.0,0.0,0.0,2.0,1.0,2.0,2.0,
31,1,0.0,9.0,0.0,38.0,33.0,21.0,8.0,3.0,21.0
31,2,0.0,7.0,2.0,26.0,21.0,40.0,16.0,8.0,4.0
31,3,0.0,4.0,1.0,24.0,22.0,40.0,9.0,13.0,0.0
31,4,0.0,9.0,3.0,23.0,29.0,34.0,12.0,9.0,1.0
31,5,0.0,8.0,0.0,29.0,30.0,26.0,12.0,12.0,0.0
31,6,0.0,8.0,2.0,33.0,26.0,29.0,12.0,4.0,0.0
31,7,0.0,8.0,3.0,36.0,48.0,37.0,13.0,13.0,2.0
31,8,0.0,14.0,3.0,25.0,35.0,37.0,21.0,25.0,0.0
31,9,0.0,17.0,2.0,38.0,39.0,64.0,33.0,12.0,0.0
31,10,0.0,11.0,0.0,43.0,42.0,33.0,19.0,15.0,0.0
31,11,0.0,15.0,3.0,41.0,48.0,53.0,42.0,25.0,
31,12,0.0,19.0,0.0,48.0,31.0,54.0,22.0,26.0,
31,13,0.0,14.0,6.0,60.0,37.0,64.0,22.0,116.0,
31,14,0.0,23.0,2.0,38.0,71.0,60.0,34.0,175.0,
31,15,0.0,20.0,7.0,55.0,63.0,79.0,43.0,267.0,
31,16,0.0,24.0,3.0,68.0,63.0,60.0,37.0,263.0,
31,17,1.0,17.0,6.0,63.0,81.0,83.0,41.0,323.0,
31,18,0.0,23.0,4.0,34.0,80.0,78.0,43.0,314.0,
31,19,2.0,17.0,5.0,45.0,82.0,106.0,43.0,259.0,
31,20,0.0,15.0,5.0,50.0,69.0,74.0,54.0,219.0,
31,21,2.0,13.0,8.0,48.0,87.0,85.0,53.0,157.0,
31,22,4.0,12.0,9.0,59.0,92.0,74.0,35.0,187.0,
31,23,5.0,11.0,4.0,60.0,150.0,62.0,45.0,148.0,
31,24,8.0,8.0,6.0,61.0,177.0,60.0,31.0,136.0,
31,25,45.0,20.0,8.0,68.0,192.0,46.0,35.0,123.0,
31,26,24.0,17.0,17.0,64.0,205.0,55.0,23.0,119.0,
31,27,14.0,13.0,22.0,82.0,181.0,48.0,23.0,108.0,
31,28,35.0,8.0,11.0,95.0,180.0,41.0,25.0,109.0,
31,29,94.0,16.0,31.0,109.0,188.0,34.0,19.0,72.0,
31,30,176.0,17.0,22.0,96.0,147.0,38.0,21.0,65.0,
31,31,344.0,15.0,23.0,101.0,141.0,32.0,20.0,52.0,
31,32,509.0,10.0,25.0,87.0,133.0,38.0,15.0,44.0,
31,33,607.0,12.0,40.0,70.0,175.0,40.0,21.0,41.0,
31,34,686.0,15.0,42.0,72.0,142.0,58.0,20.0,39.0,
31,35,912.0,13.0,27.0,73.0,108.0,29.0,9.0,31.0,
31,36,759.0,17.0,35.0,57.0,132.0,36.0,12.0,39.0,
31,37,591.0,8.0,45.0,67.0,113.0,29.0,11.0,34.0,
31,38,296.0,4.0,43.0,59.0,117.0,43.0,3.0,39.0,
31,39,190.0,10.0,50.0,61.0,103.0,32.0,8.0,30.0,
31,40,122.0,6.0,34.0,34.0,69.0,29.0,14.0,19.0,
31,41,89.0,2.0,32.0,36.0,73.0,27.0,12.0,23.0,
31,42,58.0,1.0,33.0,33.0,67.0,21.0,12.0,25.0,
31,43,55.0,2.0,42.0,44.0,73.0,23.0,13.0,28.0,
31,44,40.0,5.0,27.0,28.0,62.0,21.0,13.0,12.0,
31,45,31.0,0.0,37.0,28.0,63.0,28.0,8.0,16.0,
31,46,16.0,2.0,35.0,23.0,44.0,25.0,17.0,15.0,
31,47,21.0,6.0,20.0,27.0,59.0,27.0,9.0,16.0,
31,48,10.0,1.0,28.0,20.0,45.0,22.0,12.0,25.0,
31,49,12.0,2.0,16.0,18.0,30.0,22.0,2.0,20.0,
31,50,14.0,3.0,27.0,23.0,33.0,23.0,10.0,39.0,
31,51,12.0,2.0,24.0,26.0,35.0,16.0,10.0,34.0,
31,52,10.0,5.0,35.0,18.0,29.0,19.0,11.0,37.0,
32,1,0.0,0.0,0.0,0.0,3.0,3.0,1.0,0.0,2.0
32,2,0.0,0.0,0.0,0.0,1.0,2.0,1.0,0.0,0.0
32,3,0.0,0.0,3.0,0.0,0.0,1.0,0.0,0.0,0.0
32,4,0.0,0.0,1.0,0.0,0.0,2.0,0.0,1.0,0.0
32,5,0.0,0.0,0.0,0.0,0.0,0.0,0.0,0.0,0.0
32,6,0.0,0.0,0.0,0.0,0.0,3.0,1.0,0.0,0.0
32,7,0.0,0.0,0.0,0.0,0.0,4.0,0.0,0.0,0.0
32,8,0.0,0.0,0.0,0.0,0.0,0.0,0.0,0.0,0.0
32,9,0.0,0.0,0.0,0.0,0.0,4.0,0.0,2.0,0.0
32,10,0.0,0.0,0.0,1.0,0.0,2.0,0.0,2.0,0.0
32,11,0.0,1.0,2.0,0.0,0.0,0.0,1.0,0.0,
32,12,0.0,4.0,0.0,2.0,0.0,2.0,0.0,3.0,
32,13,0.0,2.0,0.0,0.0,0.0,4.0,4.0,14.0,
32,14,0.0,1.0,0.0,1.0,0.0,2.0,2.0,31.0,
32,15,0.0,4.0,0.0,0.0,0.0,0.0,4.0,57.0,
32,16,0.0,2.0,0.0,0.0,0.0,2.0,0.0,50.0,
32,17,1.0,1.0,0.0,0.0,3.0,2.0,5.0,84.0,
32,18,0.0,1.0,0.0,0.0,0.0,1.0,2.0,47.0,
32,19,0.0,0.0,0.0,0.0,2.0,1.0,0.0,58.0,
32,20,0.0,0.0,0.0,0.0,1.0,2.0,1.0,69.0,
32,21,0.0,0.0,0.0,0.0,4.0,1.0,4.0,36.0,
32,22,0.0,0.0,0.0,0.0,4.0,2.0,1.0,37.0,
32,23,0.0,2.0,0.0,0.0,2.0,2.0,5.0,23.0,
32,24,0.0,1.0,0.0,0.0,4.0,5.0,3.0,15.0,
32,25,4.0,1.0,0.0,0.0,5.0,3.0,1.0,25.0,
32,26,2.0,2.0,0.0,1.0,5.0,3.0,2.0,18.0,
32,27,3.0,0.0,0.0,1.0,9.0,0.0,2.0,12.0,
32,28,3.0,0.0,0.0,3.0,3.0,2.0,1.0,9.0,
32,29,12.0,0.0,0.0,1.0,9.0,4.0,4.0,6.0,
32,30,27.0,2.0,0.0,2.0,9.0,1.0,2.0,7.0,
32,31,60.0,0.0,0.0,1.0,9.0,3.0,0.0,3.0,
32,32,85.0,1.0,0.0,2.0,11.0,3.0,0.0,8.0,
32,33,71.0,2.0,0.0,1.0,9.0,3.0,2.0,5.0,
32,34,54.0,2.0,2.0,0.0,9.0,0.0,1.0,9.0,
32,35,39.0,2.0,0.0,3.0,4.0,1.0,0.0,5.0,
32,36,22.0,1.0,0.0,3.0,2.0,1.0,0.0,5.0,
32,37,16.0,0.0,0.0,3.0,1.0,2.0,0.0,2.0,
32,38,8.0,0.0,0.0,2.0,3.0,0.0,3.0,5.0,
32,39,7.0,0.0,2.0,0.0,2.0,0.0,1.0,0.0,
32,40,2.0,0.0,0.0,1.0,7.0,1.0,0.0,3.0,
32,41,3.0,0.0,0.0,0.0,1.0,1.0,1.0,1.0,
32,42,0.0,0.0,0.0,0.0,1.0,3.0,1.0,2.0,
32,43,0.0,0.0,0.0,0.0,1.0,2.0,1.0,0.0,
32,44,1.0,1.0,0.0,0.0,4.0,1.0,2.0,3.0,
32,45,0.0,0.0,0.0,0.0,2.0,1.0,1.0,1.0,
32,46,1.0,0.0,0.0,0.0,2.0,1.0,0.0,2.0,
32,47,0.0,1.0,1.0,0.0,1.0,1.0,0.0,0.0,
32,48,0.0,1.0,0.0,0.0,1.0,1.0,1.0,4.0,
32,49,1.0,1.0,0.0,0.0,1.0,2.0,1.0,3.0,
32,50,0.0,0.0,1.0,0.0,1.0,1.0,0.0,3.0,
32,51,0.0,3.0,0.0,0.0,1.0,0.0,0.0,3.0,
32,52,1.0,0.0,0.0,0.0,2.0,0.0,1.0,0.0,
33,1,0.0,1.0,2.0,2.0,0.0,3.0,3.0,4.0,4.0
33,2,0.0,1.0,1.0,0.0,1.0,1.0,4.0,1.0,2.0
33,3,0.0,3.0,0.0,1.0,2.0,7.0,3.0,0.0,0.0
33,4,0.0,1.0,0.0,1.0,1.0,10.0,2.0,3.0,0.0
33,5,0.0,0.0,1.0,2.0,5.0,5.0,2.0,5.0,0.0
33,6,0.0,3.0,2.0,0.0,6.0,2.0,4.0,4.0,0.0
33,7,0.0,2.0,1.0,1.0,0.0,5.0,2.0,8.0,0.0
33,8,0.0,0.0,0.0,1.0,3.0,4.0,5.0,4.0,0.0
33,9,0.0,4.0,1.0,0.0,3.0,4.0,2.0,2.0,0.0
33,10,0.0,9.0,0.0,2.0,2.0,3.0,1.0,5.0,0.0
33,11,0.0,7.0,0.0,1.0,1.0,7.0,1.0,3.0,
33,12,0.0,10.0,1.0,2.0,5.0,4.0,8.0,18.0,
33,13,0.0,7.0,0.0,4.0,10.0,2.0,6.0,65.0,
33,14,0.0,12.0,0.0,3.0,8.0,8.0,13.0,123.0,
33,15,0.0,13.0,0.0,1.0,14.0,11.0,11.0,154.0,
33,16,0.0,8.0,0.0,0.0,13.0,5.0,9.0,124.0,
33,17,2.0,16.0,0.0,8.0,12.0,10.0,21.0,144.0,
33,18,0.0,28.0,1.0,2.0,13.0,8.0,15.0,135.0,
33,19,1.0,14.0,3.0,6.0,12.0,17.0,36.0,115.0,
33,20,1.0,14.0,2.0,7.0,19.0,11.0,37.0,137.0,
33,21,1.0,23.0,1.0,12.0,17.0,22.0,16.0,97.0,
33,22,1.0,16.0,1.0,7.0,18.0,21.0,11.0,82.0,
33,23,0.0,16.0,1.0,11.0,28.0,15.0,16.0,78.0,
33,24,5.0,13.0,3.0,11.0,39.0,17.0,10.0,71.0,
33,25,25.0,13.0,2.0,12.0,36.0,16.0,19.0,80.0,
33,26,41.0,8.0,9.0,3.0,35.0,14.0,5.0,66.0,
33,27,46.0,7.0,2.0,11.0,25.0,15.0,9.0,82.0,
33,28,140.0,5.0,0.0,12.0,32.0,10.0,7.0,52.0,
33,29,402.0,9.0,2.0,16.0,39.0,19.0,10.0,39.0,
33,30,786.0,2.0,2.0,13.0,33.0,11.0,11.0,41.0,
33,31,1038.0,7.0,1.0,9.0,30.0,15.0,3.0,25.0,
33,32,861.0,8.0,0.0,10.0,23.0,9.0,2.0,12.0,
33,33,584.0,2.0,1.0,10.0,25.0,12.0,4.0,16.0,
33,34,368.0,6.0,6.0,6.0,28.0,11.0,4.0,12.0,
33,35,332.0,3.0,2.0,5.0,26.0,14.0,7.0,20.0,
33,36,207.0,4.0,1.0,4.0,15.0,14.0,0.0,13.0,
33,37,156.0,1.0,4.0,4.0,22.0,11.0,4.0,11.0,
33,38,138.0,1.0,2.0,3.0,6.0,21.0,3.0,8.0,
33,39,68.0,3.0,0.0,0.0,16.0,14.0,4.0,8.0,
33,40,41.0,1.0,1.0,5.0,10.0,21.0,6.0,3.0,
33,41,24.0,2.0,2.0,2.0,14.0,9.0,1.0,6.0,
33,42,20.0,0.0,1.0,4.0,9.0,8.0,7.0,6.0,
33,43,15.0,0.0,0.0,10.0,14.0,7.0,6.0,2.0,
33,44,10.0,0.0,0.0,1.0,13.0,12.0,8.0,8.0,
33,45,10.0,1.0,1.0,3.0,4.0,5.0,1.0,7.0,
33,46,6.0,0.0,1.0,1.0,10.0,9.0,2.0,4.0,
33,47,5.0,1.0,2.0,2.0,5.0,2.0,4.0,2.0,
33,48,4.0,1.0,3.0,2.0,10.0,8.0,1.0,2.0,
33,49,1.0,0.0,1.0,3.0,9.0,6.0,4.0,0.0,
33,50,3.0,2.0,3.0,6.0,5.0,3.0,2.0,3.0,
33,51,1.0,1.0,3.0,4.0,2.0,6.0,0.0,8.0,
33,52,1.0,1.0,1.0,1.0,6.0,3.0,3.0,5.0,
35,1,0.0,82.0,17.0,9.0,11.0,26.0,12.0,23.0,35.0
35,2,0.0,55.0,12.0,10.0,23.0,36.0,16.0,25.0,8.0
35,3,0.0,44.0,13.0,8.0,14.0,28.0,26.0,24.0,2.0
35,4,0.0,47.0,9.0,6.0,19.0,31.0,23.0,27.0,1.0
35,5,0.0,41.0,9.0,3.0,21.0,35.0,16.0,41.0,1.0
35,6,0.0,34.0,10.0,4.0,21.0,32.0,33.0,39.0,0.0
35,7,0.0,34.0,11.0,9.0,16.0,38.0,32.0,87.0,0.0
35,8,0.0,67.0,13.0,10.0,17.0,31.0,45.0,73.0,1.0
35,9,0.0,83.0,3.0,11.0,25.0,41.0,37.0,129.0,0.0
35,10,0.0,157.0,12.0,10.0,14.0,29.0,39.0,261.0,0.0
35,11,0.0,154.0,11.0,16.0,28.0,42.0,70.0,396.0,
35,12,0.0,152.0,13.0,16.0,31.0,62.0,73.0,567.0,
35,13,0.0,145.0,9.0,16.0,25.0,56.0,59.0,1704.0,
35,14,0.0,149.0,18.0,19.0,63.0,103.0,80.0,1926.0,
35,15,0.0,165.0,16.0,16.0,79.0,119.0,86.0,1697.0,
35,16,1.0,159.0,10.0,12.0,149.0,105.0,54.0,1128.0,
35,17,2.0,131.0,19.0,26.0,278.0,175.0,73.0,1043.0,
35,18,8.0,134.0,12.0,11.0,401.0,133.0,114.0,689.0,
35,19,5.0,125.0,16.0,26.0,460.0,182.0,105.0,674.0,
35,20,5.0,119.0,18.0,37.0,436.0,175.0,130.0,588.0,
35,21,3.0,121.0,11.0,62.0,630.0,202.0,123.0,333.0,
35,22,3.0,100.0,9.0,82.0,595.0,183.0,90.0,389.0,
35,23,7.0,113.0,16.0,55.0,738.0,160.0,99.0,302.0,
35,24,22.0,94.0,19.0,86.0,747.0,178.0,104.0,306.0,
35,25,105.0,118.0,22.0,159.0,700.0,129.0,78.0,325.0,
35,26,219.0,92.0,19.0,134.0,584.0,139.0,106.0,323.0,
35,27,81.0,79.0,19.0,201.0,517.0,93.0,74.0,246.0,
35,28,234.0,91.0,26.0,237.0,423.0,77.0,89.0,224.0,
35,29,833.0,69.0,18.0,242.0,409.0,77.0,63.0,193.0,
35,30,1415.0,65.0,11.0,260.0,322.0,76.0,41.0,158.0,
35,31,2568.0,55.0,11.0,205.0,267.0,61.0,50.0,112.0,
35,32,2308.0,49.0,15.0,160.0,303.0,57.0,48.0,87.0,
35,33,1877.0,36.0,17.0,153.0,228.0,61.0,50.0,116.0,
35,34,1554.0,52.0,17.0,126.0,216.0,59.0,54.0,96.0,
35,35,1768.0,41.0,12.0,98.0,191.0,80.0,43.0,113.0,
35,36,1242.0,32.0,12.0,83.0,175.0,61.0,39.0,98.0,
35,37,1050.0,43.0,10.0,83.0,143.0,63.0,35.0,79.0,
35,38,762.0,31.0,10.0,76.0,103.0,59.0,31.0,87.0,
35,39,677.0,30.0,8.0,44.0,96.0,57.0,15.0,69.0,
35,40,509.0,29.0,7.0,42.0,98.0,61.0,25.0,63.0,
35,41,412.0,17.0,9.0,41.0,99.0,56.0,31.0,81.0,
35,42,391.0,32.0,14.0,25.0,85.0,66.0,28.0,67.0,
35,43,330.0,21.0,23.0,31.0,74.0,68.0,33.0,56.0,
35,44,270.0,28.0,11.0,18.0,76.0,44.0,21.0,52.0,
35,45,213.0,21.0,17.0,25.0,73.0,32.0,29.0,56.0,
35,46,133.0,15.0,9.0,15.0,37.0,39.0,24.0,53.0,
35,47,164.0,16.0,8.0,14.0,60.0,29.0,35.0,54.0,
35,48,126.0,20.0,16.0,23.0,51.0,27.0,20.0,64.0,
35,49,76.0,18.0,16.0,11.0,38.0,30.0,23.0,49.0,
35,50,80.0,14.0,16.0,13.0,54.0,31.0,25.0,52.0,
35,51,81.0,16.0,12.0,17.0,41.0,24.0,20.0,47.0,
35,52,63.0,7.0,5.0,10.0,31.0,13.0,25.0,36.0,
41,1,0.0,126.0,10.0,12.0,6.0,5.0,9.0,10.0,15.0
41,2,0.0,91.0,7.0,3.0,11.0,10.0,12.0,15.0,0.0
41,3,0.0,71.0,5.0,10.0,12.0,14.0,14.0,16.0,0.0
41,4,0.0,73.0,4.0,3.0,5.0,19.0,19.0,15.0,0.0
41,5,0.0,79.0,7.0,5.0,8.0,9.0,16.0,19.0,0.0
41,6,0.0,86.0,4.0,12.0,8.0,11.0,11.0,7.0,1.0
41,7,0.0,61.0,3.0,8.0,2.0,16.0,20.0,26.0,1.0
41,8,0.0,100.0,10.0,9.0,12.0,11.0,16.0,28.0,1.0
41,9,0.0,144.0,13.0,14.0,17.0,19.0,25.0,41.0,0.0
41,10,0.0,201.0,11.0,15.0,14.0,10.0,30.0,63.0,0.0
41,11,0.0,252.0,15.0,12.0,23.0,26.0,46.0,56.0,
41,12,0.0,185.0,13.0,17.0,18.0,22.0,37.0,84.0,
41,13,0.0,117.0,10.0,15.0,15.0,34.0,33.0,159.0,
41,14,0.0,124.0,6.0,14.0,25.0,24.0,53.0,224.0,
41,15,0.0,184.0,10.0,21.0,37.0,36.0,40.0,274.0,
41,16,0.0,130.0,16.0,24.0,59.0,29.0,30.0,192.0,
41,17,0.0,92.0,17.0,20.0,67.0,40.0,38.0,218.0,
41,18,0.0,71.0,21.0,34.0,82.0,51.0,60.0,206.0,
41,19,1.0,81.0,27.0,39.0,72.0,95.0,70.0,283.0,
41,20,2.0,80.0,22.0,35.0,104.0,81.0,76.0,238.0,
41,21,3.0,66.0,20.0,34.0,134.0,94.0,72.0,199.0,
41,22,3.0,46.0,18.0,36.0,114.0,86.0,49.0,246.0,
41,23,2.0,52.0,20.0,28.0,182.0,115.0,79.0,209.0,
41,24,15.0,60.0,18.0,69.0,184.0,114.0,69.0,223.0,
41,25,54.0,40.0,30.0,201.0,202.0,100.0,74.0,233.0,
41,26,136.0,37.0,26.0,312.0,185.0,107.0,79.0,228.0,
41,27,72.0,34.0,27.0,408.0,276.0,79.0,86.0,191.0,
41,28,159.0,27.0,30.0,309.0,265.0,73.0,73.0,161.0,
41,29,506.0,36.0,15.0,235.0,251.0,65.0,62.0,151.0,
41,30,1941.0,27.0,16.0,250.0,190.0,62.0,58.0,118.0,
41,31,4820.0,38.0,15.0,177.0,152.0,60.0,57.0,112.0,
41,32,5055.0,27.0,8.0,121.0,171.0,56.0,64.0,89.0,
41,33,3650.0,31.0,13.0,104.0,115.0,52.0,64.0,84.0,
41,34,3728.0,40.0,14.0,66.0,124.0,59.0,60.0,82.0,
41,35,3585.0,18.0,16.0,44.0,111.0,50.0,51.0,75.0,
41,36,2549.0,21.0,8.0,28.0,97.0,54.0,49.0,59.0,
41,37,2977.0,29.0,17.0,30.0,104.0,34.0,44.0,98.0,
41,38,2544.0,20.0,14.0,32.0,73.0,42.0,33.0,63.0,
41,39,2196.0,28.0,13.0,24.0,42.0,32.0,34.0,69.0,
41,40,1623.0,14.0,11.0,23.0,44.0,37.0,24.0,63.0,
41,41,1084.0,13.0,5.0,14.0,48.0,30.0,25.0,52.0,
41,42,993.0,19.0,8.0,19.0,47.0,30.0,22.0,56.0,
41,43,960.0,13.0,7.0,24.0,52.0,23.0,20.0,36.0,
41,44,700.0,6.0,15.0,13.0,40.0,27.0,16.0,43.0,
41,45,588.0,9.0,9.0,18.0,12.0,21.0,21.0,27.0,
41,46,412.0,10.0,12.0,9.0,34.0,19.0,26.0,30.0,
41,47,391.0,2.0,10.0,15.0,22.0,20.0,29.0,51.0,
41,48,379.0,5.0,16.0,15.0,23.0,16.0,20.0,36.0,
41,49,317.0,6.0,13.0,16.0,20.0,21.0,25.0,29.0,
41,50,280.0,9.0,10.0,13.0,21.0,34.0,20.0,36.0,
41,51,203.0,8.0,10.0,10.0,12.0,16.0,16.0,21.0,
41,52,165.0,6.0,7.0,5.0,8.0,10.0,17.0,21.0,
42,1,0.0,2.0,3.0,2.0,2.0,1.0,1.0,2.0,4.0
42,2,0.0,4.0,5.0,3.0,2.0,16.0,4.0,4.0,2.0
42,3,0.0,4.0,1.0,1.0,8.0,9.0,9.0,3.0,0.0
42,4,0.0,0.0,1.0,1.0,3.0,5.0,8.0,3.0,0.0
42,5,0.0,1.0,1.0,5.0,8.0,2.0,5.0,3.0,0.0
42,6,0.0,8.0,0.0,1.0,2.0,6.0,10.0,3.0,0.0
42,7,0.0,4.0,6.0,2.0,4.0,7.0,9.0,6.0,0.0
42,8,0.0,3.0,1.0,1.0,10.0,9.0,8.0,7.0,0.0
42,9,0.0,9.0,4.0,1.0,4.0,11.0,7.0,8.0,0.0
42,10,0.0,19.0,3.0,3.0,5.0,13.0,10.0,7.0,0.0
42,11,0.0,9.0,4.0,2.0,6.0,13.0,7.0,12.0,
42,12,0.0,18.0,4.0,4.0,13.0,5.0,8.0,18.0,
42,13,0.0,18.0,0.0,0.0,11.0,19.0,13.0,110.0,
42,14,0.0,21.0,4.0,5.0,10.0,23.0,16.0,161.0,
42,15,0.0,23.0,3.0,3.0,23.0,17.0,15.0,164.0,
42,16,0.0,14.0,4.0,4.0,29.0,24.0,12.0,130.0,
42,17,1.0,19.0,0.0,9.0,39.0,21.0,19.0,118.0,
42,18,1.0,16.0,2.0,13.0,61.0,31.0,23.0,128.0,
42,19,2.0,20.0,8.0,33.0,70.0,32.0,39.0,127.0,
42,20,0.0,19.0,2.0,52.0,86.0,40.0,28.0,106.0,
42,21,0.0,13.0,5.0,140.0,89.0,47.0,26.0,87.0,
42,22,1.0,15.0,2.0,178.0,95.0,38.0,37.0,77.0,
42,23,2.0,18.0,1.0,170.0,91.0,38.0,31.0,63.0,
42,24,6.0,26.0,8.0,271.0,100.0,34.0,25.0,84.0,
42,25,16.0,23.0,10.0,272.0,75.0,44.0,22.0,66.0,
42,26,29.0,27.0,11.0,269.0,62.0,38.0,23.0,57.0,
42,27,14.0,12.0,5.0,240.0,75.0,47.0,19.0,65.0,
42,28,43.0,14.0,9.0,132.0,95.0,34.0,21.0,66.0,
42,29,164.0,17.0,17.0,105.0,95.0,38.0,14.0,46.0,
42,30,284.0,22.0,8.0,105.0,114.0,37.0,20.0,47.0,
42,31,729.0,21.0,11.0,57.0,124.0,40.0,14.0,38.0,
42,32,1144.0,22.0,6.0,64.0,118.0,34.0,8.0,30.0,
42,33,731.0,26.0,3.0,50.0,73.0,26.0,11.0,30.0,
42,34,414.0,25.0,8.0,31.0,90.0,38.0,8.0,26.0,
42,35,331.0,24.0,6.0,28.0,76.0,18.0,5.0,17.0,
42,36,209.0,7.0,5.0,27.0,73.0,24.0,8.0,16.0,
42,37,143.0,11.0,5.0,26.0,56.0,24.0,7.0,20.0,
42,38,149.0,12.0,2.0,15.0,42.0,16.0,13.0,22.0,
42,39,102.0,6.0,3.0,18.0,34.0,15.0,3.0,19.0,
42,40,71.0,7.0,1.0,15.0,40.0,21.0,6.0,15.0,
42,41,53.0,9.0,0.0,9.0,28.0,17.0,12.0,22.0,
42,42,42.0,4.0,5.0,9.0,28.0,18.0,8.0,11.0,
42,43,37.0,10.0,2.0,11.0,20.0,14.0,7.0,15.0,
42,44,22.0,7.0,1.0,8.0,10.0,5.0,9.0,10.0,
42,45,18.0,2.0,2.0,12.0,13.0,11.0,10.0,17.0,
42,46,13.0,1.0,1.0,12.0,18.0,14.0,6.0,10.0,
42,47,8.0,2.0,3.0,12.0,15.0,13.0,8.0,12.0,
42,48,6.0,3.0,2.0,8.0,9.0,9.0,8.0,5.0,
42,49,3.0,4.0,1.0,8.0,10.0,9.0,4.0,19.0,
42,50,5.0,2.0,1.0,6.0,9.0,9.0,1.0,7.0,
42,51,4.0,1.0,1.0,6.0,7.0,13.0,3.0,5.0,
42,52,2.0,3.0,3.0,4.0,4.0,5.0,1.0,9.0,
43,1,0.0,7.0,0.0,4.0,1.0,5.0,15.0,8.0,14.0
43,2,0.0,4.0,0.0,2.0,8.0,4.0,15.0,14.0,0.0
43,3,0.0,5.0,1.0,1.0,6.0,8.0,17.0,10.0,0.0
43,4,0.0,3.0,0.0,2.0,7.0,6.0,9.0,13.0,1.0
43,5,0.0,3.0,0.0,1.0,0.0,5.0,13.0,8.0,0.0
43,6,0.0,3.0,0.0,6.0,3.0,10.0,18.0,7.0,0.0
43,7,0.0,5.0,1.0,2.0,4.0,11.0,14.0,3.0,0.0
43,8,0.0,5.0,4.0,0.0,6.0,10.0,17.0,8.0,0.0
43,9,0.0,4.0,0.0,0.0,5.0,9.0,20.0,9.0,0.0
43,10,0.0,8.0,4.0,1.0,3.0,3.0,27.0,12.0,0.0
43,11,0.0,20.0,3.0,2.0,9.0,9.0,32.0,18.0,
43,12,0.0,12.0,1.0,3.0,10.0,12.0,30.0,23.0,
43,13,0.0,10.0,2.0,10.0,16.0,12.0,21.0,64.0,
43,14,0.0,5.0,1.0,6.0,11.0,12.0,33.0,132.0,
43,15,0.0,7.0,4.0,7.0,25.0,12.0,30.0,192.0,
43,16,0.0,14.0,2.0,7.0,47.0,13.0,25.0,215.0,
43,17,0.0,8.0,6.0,14.0,63.0,21.0,32.0,200.0,
43,18,1.0,22.0,14.0,7.0,63.0,38.0,45.0,254.0,
43,19,2.0,34.0,9.0,17.0,55.0,32.0,70.0,255.0,
43,20,0.0,36.0,11.0,22.0,86.0,35.0,80.0,246.0,
43,21,0.0,33.0,10.0,11.0,83.0,54.0,59.0,207.0,
43,22,0.0,22.0,16.0,25.0,99.0,60.0,66.0,201.0,
43,23,0.0,11.0,38.0,56.0,112.0,54.0,73.0,159.0,
43,24,3.0,13.0,93.0,64.0,122.0,63.0,84.0,160.0,
43,25,30.0,13.0,132.0,113.0,129.0,52.0,84.0,176.0,
43,26,52.0,11.0,109.0,167.0,146.0,75.0,82.0,165.0,
43,27,57.0,18.0,88.0,254.0,154.0,60.0,84.0,171.0,
43,28,150.0,19.0,88.0,290.0,147.0,63.0,81.0,132.0,
43,29,433.0,9.0,84.0,351.0,138.0,83.0,61.0,144.0,
43,30,693.0,7.0,93.0,281.0,126.0,76.0,70.0,125.0,
43,31,852.0,23.0,70.0,194.0,111.0,77.0,56.0,123.0,
43,32,628.0,8.0,45.0,145.0,97.0,46.0,59.0,90.0,
43,33,475.0,6.0,40.0,114.0,86.0,55.0,57.0,93.0,
43,34,280.0,10.0,26.0,57.0,86.0,46.0,57.0,80.0,
43,35,195.0,6.0,19.0,63.0,69.0,51.0,49.0,75.0,
43,36,103.0,3.0,21.0,52.0,55.0,43.0,39.0,62.0,
43,37,129.0,1.0,18.0,50.0,60.0,37.0,34.0,74.0,
43,38,97.0,3.0,11.0,32.0,24.0,46.0,33.0,51.0,
43,39,73.0,2.0,11.0,35.0,26.0,53.0,31.0,78.0,
43,40,60.0,2.0,8.0,37.0,28.0,45.0,45.0,70.0,
43,41,57.0,1.0,5.0,18.0,30.0,31.0,36.0,54.0,
43,42,57.0,1.0,10.0,18.0,31.0,28.0,41.0,40.0,
43,43,42.0,1.0,0.0,13.0,24.0,35.0,46.0,47.0,
43,44,38.0,3.0,3.0,12.0,16.0,33.0,28.0,39.0,
43,45,20.0,1.0,2.0,9.0,18.0,40.0,23.0,30.0,
43,46,14.0,0.0,6.0,19.0,10.0,32.0,29.0,39.0,
43,47,12.0,4.0,1.0,8.0,11.0,34.0,20.0,35.0,
43,48,7.0,1.0,3.0,4.0,24.0,25.0,22.0,43.0,
43,49,7.0,0.0,2.0,8.0,9.0,26.0,21.0,25.0,
43,50,9.0,4.0,4.0,9.0,7.0,25.0,11.0,22.0,
43,51,10.0,1.0,1.0,8.0,8.0,24.0,14.0,16.0,
43,52,5.0,1.0,2.0,5.0,9.0,9.0,18.0,30.0,
50,1,0.0,0.0,0.0,1.0,3.0,1.0,1.0,3.0,6.0
50,2,0.0,0.0,0.0,0.0,4.0,0.0,0.0,5.0,0.0
50,3,0.0,0.0,0.0,0.0,1.0,0.0,2.0,7.0,0.0
50,4,0.0,0.0,0.0,0.0,3.0,0.0,1.0,4.0,0.0
50,5,0.0,1.0,0.0,0.0,1.0,3.0,3.0,10.0,0.0
50,6,0.0,0.0,0.0,0.0,0.0,0.0,1.0,17.0,0.0
50,7,0.0,0.0,0.0,0.0,2.0,1.0,1.0,8.0,0.0
50,8,0.0,0.0,0.0,0.0,1.0,5.0,6.0,2.0,0.0
50,9,0.0,0.0,0.0,1.0,0.0,5.0,3.0,3.0,0.0
50,10,0.0,1.0,1.0,1.0,0.0,1.0,7.0,5.0,0.0
50,11,0.0,2.0,1.0,0.0,1.0,3.0,5.0,3.0,
50,12,0.0,0.0,1.0,0.0,1.0,24.0,6.0,9.0,
50,13,0.0,0.0,0.0,0.0,2.0,18.0,6.0,28.0,
50,14,0.0,0.0,0.0,1.0,6.0,12.0,8.0,48.0,
50,15,0.0,2.0,6.0,0.0,4.0,9.0,10.0,55.0,
50,16,0.0,1.0,3.0,1.0,11.0,15.0,2.0,31.0,
50,17,0.0,0.0,2.0,0.0,6.0,15.0,4.0,41.0,
50,18,0.0,0.0,4.0,2.0,7.0,11.0,9.0,61.0,
50,19,0.0,0.0,0.0,0.0,2.0,15.0,4.0,80.0,
50,20,0.0,3.0,0.0,2.0,6.0,21.0,5.0,152.0,
50,21,0.0,6.0,0.0,4.0,6.0,24.0,7.0,138.0,
50,22,0.0,3.0,0.0,6.0,25.0,16.0,10.0,130.0,
50,23,0.0,0.0,1.0,4.0,21.0,20.0,8.0,109.0,
50,24,1.0,1.0,1.0,11.0,38.0,28.0,10.0,113.0,
50,25,1.0,0.0,1.0,13.0,27.0,28.0,7.0,103.0,
50,26,2.0,2.0,0.0,17.0,36.0,20.0,12.0,92.0,
50,27,1.0,1.0,0.0,28.0,24.0,17.0,7.0,66.0,
50,28,7.0,1.0,1.0,43.0,58.0,28.0,8.0,37.0,
50,29,18.0,2.0,0.0,24.0,38.0,27.0,5.0,29.0,
50,30,33.0,0.0,1.0,12.0,19.0,23.0,3.0,31.0,
50,31,59.0,0.0,0.0,8.0,30.0,24.0,6.0,20.0,
50,32,62.0,0.0,1.0,8.0,24.0,21.0,3.0,17.0,
50,33,45.0,1.0,2.0,8.0,17.0,18.0,7.0,15.0,
50,34,21.0,1.0,0.0,5.0,13.0,24.0,4.0,13.0,
50,35,15.0,0.0,0.0,3.0,7.0,12.0,4.0,9.0,
50,36,14.0,1.0,3.0,2.0,11.0,8.0,2.0,12.0,
50,37,8.0,0.0,1.0,2.0,13.0,8.0,4.0,7.0,
50,38,11.0,1.0,1.0,5.0,6.0,6.0,5.0,11.0,
50,39,3.0,1.0,0.0,2.0,2.0,7.0,3.0,9.0,
50,40,1.0,1.0,1.0,1.0,7.0,5.0,5.0,3.0,
50,41,0.0,0.0,1.0,1.0,4.0,4.0,2.0,6.0,
50,42,0.0,0.0,0.0,0.0,2.0,6.0,2.0,2.0,
50,43,1.0,0.0,0.0,0.0,1.0,6.0,2.0,3.0,
50,44,0.0,0.0,2.0,0.0,2.0,0.0,0.0,3.0,
50,45,0.0,0.0,1.0,1.0,2.0,1.0,2.0,2.0,
50,46,1.0,0.0,1.0,0.0,0.0,3.0,2.0,5.0,
50,47,1.0,1.0,1.0,0.0,4.0,2.0,1.0,1.0,
50,48,1.0,0.0,0.0,2.0,3.0,0.0,1.0,7.0,
50,49,1.0,0.0,0.0,2.0,2.0,0.0,2.0,4.0,
50,50,0.0,0.0,0.0,1.0,3.0,3.0,0.0,3.0,
50,51,0.0,0.0,1.0,0.0,1.0,5.0,3.0,8.0,
50,52,0.0,0.0,0.0,0.0,1.0,2.0,0.0,0.0,
51,1,0.0,1.0,0.0,1.0,0.0,1.0,0.0,1.0,2.0
51,2,0.0,4.0,0.0,0.0,0.0,1.0,0.0,0.0,1.0
51,3,0.0,0.0,1.0,0.0,1.0,1.0,0.0,0.0,0.0
51,4,0.0,0.0,0.0,0.0,0.0,2.0,0.0,0.0,0.0
51,5,0.0,0.0,1.0,0.0,0.0,2.0,0.0,1.0,0.0
51,6,0.0,0.0,0.0,0.0,0.0,2.0,0.0,1.0,0.0
51,7,0.0,0.0,0.0,1.0,0.0,2.0,1.0,3.0,0.0
51,8,0.0,1.0,0.0,0.0,1.0,2.0,0.0,1.0,0.0
51,9,0.0,3.0,0.0,0.0,1.0,1.0,0.0,1.0,0.0
51,10,0.0,2.0,0.0,0.0,2.0,0.0,1.0,3.0,0.0
51,11,0.0,4.0,0.0,0.0,1.0,4.0,2.0,15.0,
51,12,0.0,2.0,0.0,0.0,2.0,2.0,4.0,10.0,
51,13,0.0,3.0,0.0,0.0,0.0,1.0,1.0,25.0,
51,14,0.0,2.0,0.0,0.0,1.0,4.0,0.0,43.0,
51,15,0.0,1.0,0.0,1.0,0.0,4.0,2.0,52.0,
51,16,0.0,0.0,0.0,2.0,2.0,7.0,1.0,36.0,
51,17,0.0,0.0,0.0,0.0,0.0,12.0,3.0,33.0,
51,18,0.0,4.0,0.0,1.0,0.0,10.0,2.0,28.0,
51,19,1.0,1.0,0.0,0.0,0.0,10.0,6.0,20.0,
51,20,0.0,2.0,0.0,1.0,0.0,13.0,3.0,23.0,
51,21,1.0,0.0,0.0,1.0,1.0,6.0,1.0,12.0,
51,22,0.0,0.0,0.0,0.0,1.0,6.0,3.0,10.0,
51,23,0.0,0.0,0.0,0.0,2.0,6.0,3.0,6.0,
51,24,0.0,1.0,0.0,3.0,0.0,13.0,0.0,11.0,
51,25,3.0,1.0,0.0,3.0,2.0,7.0,0.0,10.0,
51,26,4.0,0.0,0.0,0.0,3.0,11.0,1.0,4.0,
51,27,0.0,0.0,0.0,3.0,0.0,3.0,0.0,5.0,
51,28,2.0,0.0,0.0,1.0,1.0,2.0,7.0,5.0,
51,29,5.0,1.0,0.0,1.0,1.0,3.0,0.0,3.0,
51,30,16.0,2.0,0.0,3.0,2.0,1.0,2.0,3.0,
51,31,35.0,0.0,0.0,0.0,1.0,2.0,2.0,1.0,
51,32,40.0,0.0,0.0,0.0,1.0,2.0,3.0,3.0,
51,33,33.0,0.0,0.0,0.0,3.0,1.0,1.0,5.0,
51,34,21.0,2.0,1.0,0.0,0.0,2.0,1.0,2.0,
51,35,28.0,1.0,0.0,0.0,1.0,0.0,1.0,4.0,
51,36,22.0,0.0,0.0,0.0,0.0,4.0,2.0,1.0,
51,37,21.0,4.0,0.0,0.0,1.0,0.0,1.0,3.0,
51,38,16.0,1.0,0.0,0.0,0.0,0.0,0.0,0.0,
51,39,7.0,1.0,0.0,0.0,0.0,0.0,0.0,0.0,
51,40,10.0,1.0,0.0,0.0,0.0,0.0,2.0,0.0,
51,41,3.0,0.0,0.0,0.0,0.0,0.0,0.0,0.0,
51,42,2.0,0.0,0.0,0.0,0.0,1.0,3.0,2.0,
51,43,0.0,0.0,0.0,0.0,0.0,2.0,2.0,1.0,
51,44,1.0,0.0,0.0,2.0,0.0,0.0,1.0,0.0,
51,45,4.0,0.0,0.0,0.0,0.0,0.0,0.0,3.0,
51,46,3.0,0.0,0.0,0.0,0.0,1.0,0.0,5.0,
51,47,1.0,0.0,0.0,0.0,0.0,0.0,0.0,1.0,
51,48,0.0,1.0,0.0,0.0,0.0,0.0,2.0,3.0,
51,49,2.0,0.0,0.0,2.0,0.0,1.0,2.0,3.0,
51,50,0.0,0.0,0.0,0.0,0.0,0.0,1.0,3.0,
51,51,0.0,0.0,0.0,0.0,1.0,1.0,1.0,0.0,
51,52,1.0,0.0,0.0,0.0,0.0,1.0,0.0,0.0,
52,1,0.0,7.0,1.0,1.0,1.0,3.0,2.0,0.0,2.0
52,2,0.0,5.0,1.0,1.0,1.0,3.0,0.0,3.0,0.0
52,3,0.0,6.0,1.0,1.0,2.0,3.0,7.0,2.0,0.0
52,4,0.0,5.0,1.0,0.0,2.0,3.0,6.0,2.0,0.0
52,5,0.0,9.0,0.0,3.0,4.0,7.0,10.0,5.0,0.0
52,6,0.0,10.0,0.0,0.0,0.0,5.0,8.0,6.0,0.0
52,7,0.0,8.0,2.0,3.0,5.0,2.0,6.0,0.0,1.0
52,8,0.0,5.0,1.0,2.0,6.0,6.0,2.0,6.0,0.0
52,9,0.0,4.0,3.0,3.0,9.0,5.0,6.0,4.0,0.0
52,10,0.0,12.0,2.0,2.0,1.0,2.0,7.0,6.0,0.0
52,11,0.0,22.0,2.0,2.0,2.0,6.0,2.0,3.0,
52,12,0.0,17.0,3.0,4.0,3.0,5.0,4.0,13.0,
52,13,0.0,26.0,1.0,3.0,3.0,14.0,3.0,64.0,
52,14,0.0,29.0,3.0,3.0,3.0,6.0,8.0,86.0,
52,15,0.0,21.0,1.0,7.0,6.0,8.0,3.0,121.0,
52,16,0.0,24.0,1.0,4.0,7.0,11.0,12.0,98.0,
52,17,1.0,14.0,1.0,1.0,9.0,13.0,7.0,88.0,
52,18,1.0,17.0,1.0,2.0,7.0,14.0,19.0,78.0,
52,19,0.0,18.0,3.0,7.0,4.0,19.0,12.0,83.0,
52,20,0.0,9.0,7.0,13.0,10.0,28.0,15.0,63.0,
52,21,0.0,7.0,4.0,11.0,10.0,18.0,15.0,40.0,
52,22,0.0,10.0,2.0,8.0,8.0,22.0,10.0,35.0,
52,23,0.0,9.0,2.0,11.0,9.0,15.0,13.0,21.0,
52,24,0.0,8.0,1.0,4.0,8.0,7.0,2.0,17.0,
52,25,4.0,8.0,4.0,6.0,9.0,12.0,8.0,21.0,
52,26,7.0,7.0,2.0,3.0,5.0,6.0,12.0,16.0,
52,27,6.0,2.0,1.0,4.0,8.0,6.0,6.0,16.0,
52,28,0.0,5.0,3.0,7.0,12.0,6.0,8.0,11.0,
52,29,8.0,2.0,1.0,13.0,15.0,8.0,8.0,12.0,
52,30,6.0,2.0,1.0,12.0,12.0,3.0,3.0,8.0,
52,31,13.0,1.0,4.0,6.0,14.0,3.0,8.0,6.0,
52,32,19.0,3.0,3.0,7.0,10.0,6.0,5.0,4.0,
52,33,57.0,2.0,1.0,6.0,9.0,6.0,8.0,9.0,
52,34,76.0,5.0,0.0,7.0,10.0,1.0,2.0,10.0,
52,35,103.0,2.0,3.0,7.0,4.0,2.0,4.0,9.0,
52,36,168.0,1.0,2.0,7.0,13.0,4.0,6.0,6.0,
52,37,198.0,4.0,0.0,12.0,9.0,4.0,7.0,6.0,
52,38,144.0,7.0,0.0,8.0,8.0,1.0,1.0,7.0,
52,39,96.0,10.0,0.0,15.0,11.0,5.0,8.0,5.0,
52,40,49.0,1.0,1.0,21.0,7.0,3.0,4.0,5.0,
52,41,36.0,0.0,1.0,13.0,3.0,2.0,2.0,7.0,
52,42,23.0,1.0,0.0,5.0,16.0,3.0,5.0,4.0,
52,43,29.0,3.0,1.0,3.0,15.0,6.0,2.0,7.0,
52,44,36.0,0.0,1.0,3.0,17.0,4.0,2.0,5.0,
52,45,27.0,3.0,2.0,4.0,8.0,3.0,2.0,8.0,
52,46,15.0,0.0,2.0,0.0,5.0,0.0,4.0,5.0,
52,47,17.0,0.0,2.0,6.0,8.0,1.0,4.0,3.0,
52,48,17.0,6.0,3.0,2.0,5.0,0.0,3.0,5.0,
52,49,16.0,1.0,0.0,4.0,4.0,2.0,2.0,4.0,
52,50,20.0,0.0,0.0,3.0,6.0,2.0,3.0,9.0,
52,51,14.0,1.0,1.0,3.0,4.0,10.0,1.0,3.0,
52,52,7.0,0.0,1.0,0.0,4.0,3.0,4.0,5.0,
53,1,0.0,7.0,0.0,0.0,2.0,4.0,1.0,2.0,6.0
53,2,0.0,3.0,0.0,0.0,3.0,0.0,2.0,1.0,1.0
53,3,0.0,3.0,0.0,0.0,1.0,4.0,0.0,3.0,2.0
53,4,0.0,4.0,0.0,0.0,0.0,3.0,1.0,1.0,0.0
53,5,0.0,1.0,0.0,1.0,3.0,1.0,3.0,1.0,0.0
53,6,0.0,1.0,0.0,0.0,2.0,3.0,1.0,0.0,0.0
53,7,0.0,0.0,0.0,0.0,3.0,3.0,2.0,2.0,0.0
53,8,0.0,3.0,0.0,0.0,1.0,0.0,2.0,0.0,0.0
53,9,0.0,5.0,0.0,1.0,1.0,1.0,0.0,2.0,0.0
53,10,0.0,4.0,0.0,0.0,1.0,2.0,3.0,8.0,0.0
53,11,0.0,4.0,0.0,1.0,7.0,3.0,5.0,4.0,
53,12,0.0,9.0,0.0,0.0,9.0,2.0,5.0,8.0,
53,13,0.0,11.0,0.0,0.0,0.0,4.0,2.0,30.0,
53,14,0.0,11.0,5.0,3.0,3.0,3.0,7.0,30.0,
53,15,0.0,12.0,1.0,2.0,6.0,8.0,8.0,46.0,
53,16,0.0,4.0,0.0,1.0,4.0,2.0,10.0,24.0,
53,17,0.0,6.0,0.0,0.0,1.0,5.0,5.0,39.0,
53,18,1.0,6.0,0.0,0.0,8.0,7.0,1.0,34.0,
53,19,0.0,4.0,0.0,1.0,13.0,6.0,6.0,16.0,
53,20,2.0,5.0,1.0,1.0,12.0,5.0,6.0,12.0,
53,21,0.0,1.0,0.0,4.0,8.0,4.0,1.0,16.0,
53,22,0.0,1.0,0.0,1.0,11.0,8.0,2.0,8.0,
53,23,1.0,0.0,0.0,3.0,17.0,2.0,3.0,20.0,
53,24,5.0,4.0,0.0,3.0,14.0,9.0,3.0,11.0,
53,25,5.0,0.0,1.0,11.0,9.0,1.0,3.0,14.0,
53,26,0.0,0.0,0.0,3.0,17.0,2.0,1.0,20.0,
53,27,1.0,0.0,1.0,3.0,7.0,5.0,1.0,23.0,
53,28,1.0,1.0,1.0,9.0,9.0,1.0,2.0,16.0,
53,29,4.0,0.0,0.0,10.0,9.0,4.0,1.0,22.0,
53,30,25.0,0.0,1.0,5.0,11.0,3.0,2.0,7.0,
53,31,102.0,0.0,2.0,6.0,11.0,1.0,1.0,11.0,
53,32,182.0,0.0,1.0,4.0,8.0,2.0,1.0,10.0,
53,33,84.0,1.0,2.0,8.0,5.0,1.0,0.0,7.0,
53,34,89.0,0.0,1.0,13.0,5.0,2.0,4.0,14.0,
53,35,95.0,3.0,1.0,15.0,11.0,5.0,3.0,5.0,
53,36,69.0,0.0,0.0,17.0,6.0,0.0,3.0,9.0,
53,37,73.0,1.0,2.0,20.0,6.0,2.0,0.0,4.0,
53,38,50.0,0.0,4.0,19.0,6.0,1.0,0.0,5.0,
53,39,45.0,1.0,1.0,15.0,3.0,0.0,1.0,4.0,
53,40,34.0,0.0,1.0,4.0,0.0,2.0,3.0,8.0,
53,41,16.0,0.0,1.0,11.0,2.0,1.0,0.0,6.0,
53,42,10.0,0.0,2.0,12.0,2.0,1.0,2.0,12.0,
53,43,6.0,2.0,0.0,2.0,0.0,2.0,0.0,5.0,
53,44,9.0,0.0,0.0,4.0,0.0,1.0,1.0,3.0,
53,45,7.0,0.0,1.0,4.0,1.0,0.0,0.0,4.0,
53,46,3.0,0.0,0.0,2.0,1.0,2.0,0.0,2.0,
53,47,3.0,1.0,1.0,4.0,2.0,1.0,2.0,5.0,
53,48,8.0,0.0,0.0,3.0,2.0,1.0,2.0,6.0,
53,49,5.0,0.0,0.0,1.0,1.0,0.0,0.0,11.0,
53,50,6.0,0.0,0.0,2.0,2.0,0.0,1.0,4.0,
53,51,6.0,0.0,0.0,3.0,0.0,0.0,2.0,4.0,
53,52,2.0,0.0,0.0,3.0,2.0,0.0,1.0,6.0,
BR,1,0.0,309.0,36.0,71.0,69.0,96.0,66.0,69.0,135.0
BR,2,0.0,240.0,31.0,47.0,83.0,138.0,106.0,98.0,23.0
BR,3,0.0,159.0,27.0,56.0,77.0,128.0,120.0,92.0,5.0
BR,4,0.0,174.0,22.0,40.0,88.0,134.0,110.0,100.0,5.0
BR,5,0.0,177.0,23.0,53.0,107.0,110.0,101.0,120.0,3.0
BR,6,0.0,180.0,23.0,57.0,89.0,116.0,119.0,103.0,3.0
BR,7,0.0,159.0,33.0,69.0,106.0,149.0,122.0,192.0,5.0
BR,8,0.0,294.0,37.0,50.0,118.0,145.0,167.0,187.0,2.0
BR,9,0.0,396.0,30.0,85.0,134.0,195.0,175.0,269.0,1.0
BR,10,0.0,568.0,37.0,90.0,124.0,122.0,181.0,451.0,1.0
BR,11,0.0,663.0,49.0,118.0,172.0,198.0,260.0,602.0,
BR,12,0.0,626.0,44.0,133.0,169.0,221.0,284.0,848.0,
BR,13,0.0,499.0,32.0,147.0,152.0,259.0,229.0,2583.0,
BR,14,0.0,520.0,42.0,115.0,236.0,306.0,321.0,3295.0,
BR,15,0.0,605.0,50.0,137.0,310.0,374.0,334.0,3411.0,
BR,16,1.0,470.0,46.0,157.0,437.0,338.0,262.0,2572.0,
BR,17,8.0,370.0,53.0,155.0,622.0,468.0,308.0,2649.0,
BR,18,17.0,368.0,64.0,122.0,793.0,466.0,401.0,2242.0,
BR,19,19.0,350.0,76.0,198.0,903.0,627.0,457.0,2234.0,
BR,20,11.0,336.0,74.0,241.0,939.0,568.0,514.0,2114.0,
BR,21,13.0,304.0,64.0,348.0,1197.0,667.0,438.0,1562.0,
BR,22,14.0,250.0,61.0,425.0,1232.0,614.0,379.0,1592.0,
BR,23,19.0,254.0,85.0,413.0,1491.0,614.0,430.0,1320.0,
BR,24,70.0,245.0,157.0,603.0,1540.0,630.0,393.0,1315.0,
BR,25,302.0,249.0,211.0,876.0,1479.0,531.0,373.0,1311.0,
BR,26,558.0,207.0,200.0,988.0,1354.0,542.0,386.0,1251.0,
BR,27,321.0,173.0,168.0,1251.0,1342.0,418.0,347.0,1130.0,
BR,28,818.0,174.0,175.0,1154.0,1285.0,385.0,362.0,929.0,
BR,29,2559.0,165.0,171.0,1120.0,1248.0,408.0,271.0,805.0,
BR,30,5557.0,151.0,159.0,1065.0,1038.0,370.0,259.0,681.0,
BR,31,10841.0,169.0,139.0,778.0,951.0,340.0,246.0,567.0,
BR,32,11249.0,133.0,108.0,627.0,965.0,293.0,229.0,469.0,
BR,33,8613.0,120.0,124.0,547.0,805.0,313.0,252.0,498.0,
BR,34,7698.0,163.0,125.0,406.0,791.0,343.0,241.0,447.0,
BR,35,7880.0,115.0,91.0,355.0,691.0,295.0,202.0,415.0,
BR,36,5742.0,92.0,93.0,296.0,637.0,279.0,196.0,376.0,
BR,37,5720.0,104.0,108.0,314.0,591.0,236.0,167.0,401.0,
BR,38,4495.0,81.0,88.0,277.0,446.0,263.0,156.0,354.0,
BR,39,3636.0,94.0,91.0,236.0,389.0,254.0,139.0,339.0,
BR,40,2687.0,67.0,70.0,202.0,356.0,265.0,155.0,320.0,
BR,41,1911.0,44.0,58.0,152.0,363.0,222.0,153.0,303.0,
BR,42,1713.0,66.0,74.0,139.0,345.0,221.0,156.0,270.0,
BR,43,1593.0,52.0,77.0,151.0,302.0,234.0,149.0,261.0,
BR,44,1227.0,50.0,62.0,105.0,292.0,177.0,122.0,243.0,
BR,45,1040.0,38.0,77.0,121.0,247.0,173.0,130.0,241.0,
BR,46,750.0,29.0,67.0,88.0,186.0,194.0,126.0,216.0,
BR,47,765.0,36.0,51.0,104.0,225.0,187.0,131.0,240.0,
BR,48,814.0,45.0,79.0,98.0,198.0,162.0,110.0,254.0,
BR,49,721.0,35.0,53.0,90.0,149.0,166.0,104.0,200.0,
BR,50,587.0,42.0,66.0,89.0,177.0,178.0,92.0,241.0,
BR,51,446.0,35.0,60.0,88.0,136.0,154.0,75.0,191.0,
BR,52,349.0,29.0,55.0,54.0,113.0,97.0,88.0,187.0,
RegC,1,0.0,17.0,3.0,3.0,7.0,12.0,5.0,7.0,16.0
RegC,2,0.0,12.0,1.0,1.0,9.0,9.0,4.0,9.0,2.0
RegC,3,0.0,9.0,3.0,6.0,6.0,10.0,9.0,14.0,2.0
RegC,4,0.0,12.0,1.0,0.0,9.0,10.0,9.0,8.0,0.0
RegC,5,0.0,13.0,3.0,4.0,9.0,17.0,16.0,17.0,0.0
RegC,6,0.0,12.0,2.0,0.0,3.0,13.0,12.0,25.0,0.0
RegC,7,0.0,10.0,7.0,4.0,10.0,13.0,15.0,14.0,1.0
RegC,8,0.0,15.0,5.0,2.0,12.0,18.0,10.0,13.0,0.0
RegC,9,0.0,17.0,5.0,7.0,11.0,16.0,9.0,11.0,0.0
RegC,10,0.0,33.0,7.0,3.0,6.0,7.0,23.0,23.0,0.0
RegC,11,0.0,74.0,8.0,4.0,13.0,18.0,16.0,28.0,
RegC,12,0.0,96.0,8.0,5.0,24.0,35.0,23.0,42.0,
RegC,13,0.0,82.0,2.0,3.0,9.0,40.0,16.0,160.0,
RegC,14,0.0,71.0,8.0,7.0,21.0,35.0,24.0,227.0,
RegC,15,0.0,52.0,8.0,10.0,21.0,43.0,29.0,294.0,
RegC,16,0.0,42.0,7.0,9.0,30.0,42.0,27.0,206.0,
RegC,17,1.0,33.0,3.0,1.0,21.0,49.0,21.0,222.0,
RegC,18,5.0,32.0,5.0,6.0,25.0,48.0,32.0,214.0,
RegC,19,2.0,25.0,3.0,10.0,21.0,68.0,29.0,229.0,
RegC,20,2.0,22.0,9.0,17.0,39.0,74.0,29.0,259.0,
RegC,21,1.0,16.0,5.0,20.0,29.0,65.0,24.0,218.0,
RegC,22,0.0,16.0,3.0,18.0,56.0,62.0,27.0,185.0,
RegC,23,1.0,10.0,3.0,18.0,49.0,50.0,29.0,166.0,
RegC,24,6.0,16.0,3.0,26.0,64.0,59.0,16.0,159.0,
RegC,25,15.0,12.0,6.0,36.0,49.0,54.0,20.0,155.0,
RegC,26,16.0,9.0,3.0,23.0,70.0,42.0,26.0,136.0,
RegC,27,15.0,4.0,2.0,41.0,41.0,32.0,16.0,114.0,
RegC,28,18.0,7.0,5.0,62.0,82.0,37.0,26.0,71.0,
RegC,29,43.0,5.0,1.0,51.0,67.0,43.0,14.0,71.0,
RegC,30,94.0,5.0,3.0,36.0,45.0,33.0,11.0,54.0,
RegC,31,227.0,3.0,6.0,22.0,63.0,32.0,17.0,41.0,
RegC,32,327.0,4.0,6.0,22.0,44.0,31.0,13.0,37.0,
RegC,33,240.0,4.0,7.0,24.0,38.0,30.0,17.0,38.0,
RegC,34,223.0,9.0,2.0,29.0,31.0,29.0,11.0,44.0,
RegC,35,257.0,6.0,4.0,28.0,26.0,22.0,12.0,28.0,
RegC,36,292.0,4.0,6.0,30.0,32.0,17.0,13.0,30.0,
RegC,37,330.0,9.0,4.0,36.0,29.0,14.0,13.0,23.0,
RegC,38,262.0,9.0,5.0,35.0,21.0,8.0,7.0,27.0,
RegC,39,184.0,14.0,1.0,32.0,19.0,13.0,12.0,21.0,
RegC,40,122.0,3.0,6.0,28.0,16.0,10.0,15.0,17.0,
RegC,41,72.0,0.0,3.0,26.0,10.0,7.0,4.0,22.0,
RegC,42,47.0,1.0,2.0,19.0,23.0,11.0,15.0,24.0,
RegC,43,43.0,5.0,3.0,5.0,17.0,19.0,6.0,18.0,
RegC,44,64.0,0.0,4.0,10.0,21.0,5.0,5.0,12.0,
RegC,45,46.0,3.0,6.0,9.0,11.0,5.0,5.0,20.0,
RegC,46,24.0,0.0,3.0,2.0,7.0,7.0,7.0,21.0,
RegC,47,29.0,2.0,5.0,11.0,15.0,5.0,7.0,15.0,
RegC,48,39.0,8.0,3.0,7.0,10.0,2.0,8.0,23.0,
RegC,49,30.0,2.0,0.0,10.0,8.0,3.0,7.0,30.0,
RegC,50,28.0,0.0,0.0,6.0,12.0,5.0,6.0,23.0,
RegC,51,21.0,1.0,3.0,7.0,6.0,16.0,8.0,20.0,
RegC,52,13.0,0.0,1.0,3.0,8.0,6.0,6.0,14.0,
RegL,1,0.0,50.0,2.0,3.0,9.0,19.0,14.0,12.0,20.0
RegL,2,0.0,50.0,3.0,2.0,6.0,18.0,35.0,19.0,6.0
RegL,3,0.0,17.0,3.0,5.0,6.0,17.0,24.0,6.0,0.0
RegL,4,0.0,22.0,3.0,4.0,12.0,24.0,25.0,19.0,0.0
RegL,5,0.0,11.0,3.0,6.0,30.0,14.0,16.0,16.0,0.0
RegL,6,0.0,14.0,4.0,1.0,24.0,15.0,18.0,13.0,1.0
RegL,7,0.0,12.0,2.0,8.0,21.0,22.0,12.0,34.0,1.0
RegL,8,0.0,19.0,0.0,2.0,26.0,17.0,44.0,26.0,0.0
RegL,9,0.0,18.0,2.0,12.0,29.0,20.0,39.0,52.0,1.0
RegL,10,0.0,35.0,0.0,12.0,22.0,18.0,29.0,61.0,0.0
RegL,11,0.0,28.0,5.0,30.0,35.0,29.0,39.0,57.0,
RegL,12,0.0,39.0,4.0,23.0,37.0,22.0,79.0,70.0,
RegL,13,0.0,30.0,1.0,35.0,30.0,25.0,56.0,195.0,
RegL,14,0.0,45.0,2.0,20.0,29.0,31.0,69.0,329.0,
RegL,15,0.0,53.0,2.0,12.0,42.0,41.0,76.0,389.0,
RegL,16,0.0,30.0,2.0,15.0,40.0,50.0,68.0,329.0,
RegL,17,3.0,36.0,1.0,15.0,44.0,61.0,76.0,423.0,
RegL,18,1.0,39.0,4.0,12.0,49.0,74.0,74.0,358.0,
RegL,19,2.0,31.0,8.0,13.0,86.0,81.0,87.0,333.0,
RegL,20,2.0,27.0,5.0,18.0,69.0,69.0,98.0,387.0,
RegL,21,3.0,34.0,4.0,25.0,67.0,98.0,65.0,316.0,
RegL,22,3.0,29.0,4.0,25.0,98.0,95.0,58.0,262.0,
RegL,23,2.0,28.0,2.0,22.0,84.0,102.0,58.0,234.0,
RegL,24,10.0,24.0,7.0,20.0,100.0,102.0,57.0,193.0,
RegL,25,34.0,19.0,3.0,19.0,81.0,86.0,50.0,188.0,
RegL,26,78.0,10.0,12.0,13.0,83.0,63.0,40.0,185.0,
RegL,27,64.0,9.0,4.0,23.0,76.0,48.0,43.0,180.0,
RegL,28,166.0,6.0,1.0,26.0,82.0,50.0,41.0,139.0,
RegL,29,465.0,11.0,3.0,27.0,84.0,62.0,34.0,107.0,
RegL,30,917.0,6.0,4.0,29.0,86.0,41.0,35.0,90.0,
RegL,31,1244.0,10.0,3.0,19.0,87.0,37.0,27.0,76.0,
RegL,32,1186.0,10.0,2.0,25.0,94.0,25.0,19.0,71.0,
RegL,33,875.0,4.0,1.0,27.0,83.0,46.0,28.0,71.0,
RegL,34,628.0,11.0,8.0,21.0,86.0,41.0,25.0,58.0,
RegL,35,523.0,6.0,3.0,18.0,101.0,35.0,30.0,55.0,
RegL,36,356.0,6.0,3.0,14.0,66.0,43.0,32.0,50.0,
RegL,37,265.0,3.0,7.0,21.0,70.0,35.0,19.0,46.0,
RegL,38,234.0,1.0,2.0,25.0,55.0,46.0,33.0,45.0,
RegL,39,135.0,4.0,4.0,16.0,56.0,47.0,33.0,36.0,
RegL,40,93.0,6.0,2.0,16.0,55.0,59.0,22.0,47.0,
RegL,41,48.0,2.0,3.0,7.0,66.0,53.0,31.0,33.0,
RegL,42,40.0,4.0,2.0,11.0,53.0,45.0,28.0,36.0,
RegL,43,62.0,0.0,0.0,19.0,35.0,45.0,23.0,39.0,
RegL,44,48.0,1.0,1.0,14.0,64.0,42.0,28.0,48.0,
RegL,45,63.0,1.0,2.0,15.0,50.0,34.0,33.0,48.0,
RegL,46,84.0,1.0,1.0,5.0,32.0,54.0,16.0,35.0,
RegL,47,103.0,2.0,4.0,11.0,40.0,49.0,18.0,40.0,
RegL,48,212.0,5.0,10.0,13.0,34.0,60.0,15.0,38.0,
RegL,49,254.0,2.0,5.0,12.0,31.0,54.0,18.0,20.0,
RegL,50,156.0,3.0,8.0,16.0,37.0,40.0,16.0,34.0,
RegL,51,109.0,4.0,7.0,12.0,22.0,34.0,3.0,38.0,
RegL,52,80.0,4.0,2.0,6.0,20.0,28.0,10.0,30.0,
RegN,1,0.0,16.0,1.0,0.0,0.0,7.0,2.0,4.0,10.0
RegN,2,0.0,17.0,1.0,0.0,3.0,5.0,4.0,4.0,1.0
RegN,3,0.0,5.0,0.0,1.0,3.0,2.0,12.0,6.0,1.0
RegN,4,0.0,8.0,1.0,1.0,4.0,5.0,5.0,6.0,2.0
RegN,5,0.0,21.0,0.0,0.0,1.0,2.0,7.0,4.0,2.0
RegN,6,0.0,15.0,1.0,0.0,2.0,0.0,5.0,5.0,1.0
RegN,7,0.0,25.0,0.0,0.0,1.0,5.0,7.0,9.0,0.0
RegN,8,0.0,71.0,1.0,1.0,0.0,12.0,6.0,7.0,0.0
RegN,9,0.0,104.0,1.0,2.0,4.0,15.0,5.0,7.0,0.0
RegN,10,0.0,104.0,0.0,3.0,18.0,9.0,4.0,9.0,1.0
RegN,11,0.0,111.0,0.0,11.0,10.0,8.0,8.0,10.0,
RegN,12,0.0,105.0,1.0,17.0,5.0,9.0,12.0,18.0,
RegN,13,0.0,83.0,2.0,8.0,9.0,9.0,9.0,75.0,
RegN,14,0.0,82.0,1.0,6.0,6.0,18.0,12.0,121.0,
RegN,15,0.0,101.0,0.0,13.0,20.0,27.0,15.0,134.0,
RegN,16,0.0,57.0,2.0,18.0,20.0,15.0,9.0,109.0,
RegN,17,0.0,34.0,1.0,7.0,29.0,18.0,8.0,102.0,
RegN,18,1.0,31.0,2.0,5.0,32.0,13.0,10.0,79.0,
RegN,19,3.0,17.0,0.0,15.0,57.0,31.0,14.0,74.0,
RegN,20,0.0,18.0,2.0,10.0,50.0,20.0,19.0,71.0,
RegN,21,1.0,8.0,1.0,8.0,78.0,22.0,16.0,45.0,
RegN,22,0.0,10.0,0.0,2.0,83.0,16.0,17.0,45.0,
RegN,23,0.0,11.0,1.0,4.0,85.0,33.0,16.0,39.0,
RegN,24,0.0,4.0,3.0,6.0,46.0,20.0,7.0,54.0,
RegN,25,3.0,4.0,0.0,8.0,51.0,20.0,10.0,45.0,
RegN,26,4.0,4.0,3.0,6.0,19.0,23.0,7.0,38.0,
RegN,27,4.0,4.0,1.0,2.0,22.0,11.0,2.0,55.0,
RegN,28,13.0,2.0,5.0,3.0,11.0,10.0,6.0,27.0,
RegN,29,21.0,2.0,2.0,0.0,16.0,6.0,4.0,21.0,
RegN,30,37.0,2.0,2.0,8.0,8.0,7.0,3.0,24.0,
RegN,31,57.0,4.0,0.0,3.0,6.0,1.0,5.0,13.0,
RegN,32,92.0,3.0,1.0,3.0,5.0,6.0,3.0,21.0,
RegN,33,158.0,1.0,3.0,5.0,7.0,3.0,4.0,25.0,
RegN,34,185.0,1.0,8.0,4.0,16.0,13.0,6.0,22.0,
RegN,35,309.0,1.0,4.0,3.0,9.0,10.0,3.0,21.0,
RegN,36,232.0,2.0,3.0,5.0,7.0,1.0,4.0,22.0,
RegN,37,235.0,0.0,2.0,1.0,16.0,0.0,4.0,27.0,
RegN,38,151.0,1.0,1.0,3.0,11.0,3.0,3.0,20.0,
RegN,39,79.0,0.0,1.0,6.0,13.0,5.0,3.0,17.0,
RegN,40,87.0,0.0,1.0,7.0,6.0,3.0,4.0,26.0,
RegN,41,96.0,0.0,1.0,1.0,9.0,1.0,2.0,16.0,
RegN,42,85.0,4.0,0.0,5.0,11.0,2.0,2.0,11.0,
RegN,43,64.0,0.0,0.0,4.0,7.0,7.0,1.0,22.0,
RegN,44,45.0,0.0,0.0,2.0,3.0,0.0,2.0,27.0,
RegN,45,61.0,1.0,2.0,5.0,7.0,2.0,1.0,27.0,
RegN,46,54.0,0.0,0.0,3.0,4.0,4.0,1.0,13.0,
RegN,47,37.0,2.0,0.0,6.0,3.0,10.0,5.0,17.0,
RegN,48,35.0,2.0,1.0,8.0,2.0,1.0,5.0,20.0,
RegN,49,22.0,1.0,0.0,7.0,3.0,1.0,4.0,8.0,
RegN,50,15.0,7.0,0.0,3.0,4.0,11.0,3.0,28.0,
RegN,51,6.0,2.0,2.0,2.0,5.0,11.0,1.0,10.0,
RegN,52,11.0,3.0,0.0,3.0,4.0,7.0,0.0,10.0,
RegS,1,0.0,226.0,30.0,65.0,53.0,58.0,45.0,46.0,89.0
RegS,2,0.0,161.0,26.0,44.0,65.0,106.0,63.0,66.0,14.0
RegS,3,0.0,128.0,21.0,44.0,62.0,99.0,75.0,66.0,2.0
RegS,4,0.0,132.0,17.0,35.0,63.0,95.0,71.0,67.0,3.0
RegS,5,0.0,132.0,17.0,43.0,67.0,77.0,62.0,83.0,1.0
RegS,6,0.0,139.0,16.0,56.0,60.0,88.0,84.0,60.0,1.0
RegS,7,0.0,112.0,24.0,57.0,74.0,109.0,88.0,135.0,3.0
RegS,8,0.0,189.0,31.0,45.0,80.0,98.0,107.0,141.0,2.0
RegS,9,0.0,257.0,22.0,64.0,90.0,144.0,122.0,199.0,0.0
RegS,10,0.0,396.0,30.0,72.0,78.0,88.0,125.0,358.0,0.0
RegS,11,0.0,450.0,36.0,73.0,114.0,143.0,197.0,507.0,
RegS,12,0.0,386.0,31.0,88.0,103.0,155.0,170.0,718.0,
RegS,13,0.0,304.0,27.0,101.0,104.0,185.0,148.0,2153.0,
RegS,14,0.0,322.0,31.0,82.0,180.0,222.0,216.0,2618.0,
RegS,15,0.0,399.0,40.0,102.0,227.0,263.0,214.0,2594.0,
RegS,16,1.0,341.0,35.0,115.0,347.0,231.0,158.0,1928.0,
RegS,17,4.0,267.0,48.0,132.0,528.0,340.0,203.0,1902.0,
RegS,18,10.0,266.0,53.0,99.0,687.0,331.0,285.0,1591.0,
RegS,19,12.0,277.0,65.0,160.0,739.0,447.0,327.0,1598.0,
RegS,20,7.0,269.0,58.0,196.0,781.0,405.0,368.0,1397.0,
RegS,21,8.0,246.0,54.0,295.0,1023.0,482.0,333.0,983.0,
RegS,22,11.0,195.0,54.0,380.0,995.0,441.0,277.0,1100.0,
RegS,23,16.0,205.0,79.0,369.0,1273.0,429.0,327.0,881.0,
RegS,24,54.0,201.0,144.0,551.0,1330.0,449.0,313.0,909.0,
RegS,25,250.0,214.0,202.0,813.0,1298.0,371.0,293.0,923.0,
RegS,26,460.0,184.0,182.0,946.0,1182.0,414.0,313.0,892.0,
RegS,27,238.0,156.0,161.0,1185.0,1203.0,327.0,286.0,781.0,
RegS,28,621.0,159.0,164.0,1063.0,1110.0,288.0,289.0,692.0,
RegS,29,2030.0,147.0,165.0,1042.0,1081.0,297.0,219.0,606.0,
RegS,30,4509.0,138.0,150.0,992.0,899.0,289.0,210.0,513.0,
RegS,31,9313.0,152.0,130.0,734.0,795.0,270.0,197.0,437.0,
RegS,32,9644.0,116.0,99.0,577.0,822.0,231.0,194.0,340.0,
RegS,33,7340.0,111.0,113.0,491.0,677.0,234.0,203.0,364.0,
RegS,34,6662.0,142.0,107.0,352.0,658.0,260.0,199.0,323.0,
RegS,35,6791.0,102.0,80.0,306.0,555.0,228.0,157.0,311.0,
RegS,36,4862.0,80.0,81.0,247.0,532.0,218.0,147.0,274.0,
RegS,37,4890.0,92.0,95.0,256.0,476.0,187.0,131.0,305.0,
RegS,38,3848.0,70.0,80.0,214.0,359.0,206.0,113.0,262.0,
RegS,39,3238.0,76.0,85.0,182.0,301.0,189.0,91.0,265.0,
RegS,40,2385.0,58.0,61.0,151.0,279.0,193.0,114.0,230.0,
RegS,41,1695.0,42.0,51.0,118.0,278.0,161.0,116.0,232.0,
RegS,42,1541.0,57.0,70.0,104.0,258.0,163.0,111.0,199.0,
RegS,43,1424.0,47.0,74.0,123.0,243.0,163.0,119.0,182.0,
RegS,44,1070.0,49.0,57.0,79.0,204.0,130.0,87.0,156.0,
RegS,45,870.0,33.0,67.0,92.0,179.0,132.0,91.0,146.0,
RegS,46,588.0,28.0,63.0,78.0,143.0,129.0,102.0,147.0,
RegS,47,596.0,30.0,42.0,76.0,167.0,123.0,101.0,168.0,
RegS,48,528.0,30.0,65.0,70.0,152.0,99.0,82.0,173.0,
RegS,49,415.0,30.0,48.0,61.0,107.0,108.0,75.0,142.0,
RegS,50,388.0,32.0,58.0,64.0,124.0,122.0,67.0,156.0,
RegS,51,310.0,28.0,48.0,67.0,103.0,93.0,63.0,123.0,
RegS,52,245.0,22.0,52.0,42.0,81.0,56.0,72.0,133.0,
